{
  "type": "FeatureCollection",
  "features": [
    {
      "type": "Feature",
      "properties": {
        "featurecla": "Admin-0 claim area",
        "scalerank": 0,
        "LABELRANK": 5,
        "SOVEREIGNT": "India",
        "SOV_A3": "IND",
        "ADM0_DIF": 0,
        "LEVEL": 5,
        "TYPE": "Disputed",
        "TLC": null,
        "ADMIN": "India",
        "ADM0_A3": "IND",
        "GEOU_DIF": 0,
        "GEOUNIT": "India",
        "GU_A3": "IND",
        "SU_DIF": 1,
        "SUBUNIT": "India",
        "SU_A3": "INX",
        "BRK_DIFF": 1,
        "NAME": "India",
        "NAME_LONG": "India",
        "BRK_A3": "B05",
        "BRK_NAME": "Jammu and Kashmir",
        "BRK_GROUP": "Jammu and Kashmir",
        "ABBREV": null,
        "POSTAL": null,
        "FORMAL_EN": null,
        "FORMAL_FR": null,
        "NAME_CIAWF": null,
        "NOTE_ADM0": "India",
        "NOTE_BRK": "Admin. by India; Claimed by Pakistan",
        "NAME_SORT": "Jammu and Kashmir",
        "NAME_ALT": null,
        "MAPCOLOR7": 1,
        "MAPCOLOR8": 3,
        "MAPCOLOR9": 2,
        "MAPCOLOR13": 2,
        "POP_EST": 12267013,
        "POP_RANK": 14,
        "POP_YEAR": 2011,
        "GDP_MD": 9653,
        "GDP_YEAR": 2013,
        "ECONOMY": "3. Emerging region: BRIC",
        "INCOME_GRP": "4. Lower middle income",
        "FIPS_10": "-99",
        "ISO_A2": "-99",
        "ISO_A2_EH": "-99",
        "ISO_A3": "-99",
        "ISO_A3_EH": "-99",
        "ISO_N3": "-99",
        "ISO_N3_EH": "-99",
        "UN_A3": "-099",
        "WB_A2": "-99",
        "WB_A3": "-99",
        "WOE_ID": 2345746,
        "WOE_ID_EH": 2345746,
        "WOE_NOTE": "WOE Admin-1 states provinces (territory) match.",
        "ADM0_ISO": "-99",
        "ADM0_DIFF": null,
        "ADM0_TLC": "-99",
        "ADM0_A3_US": "IND",
        "ADM0_A3_FR": "IND",
        "ADM0_A3_RU": "IND",
        "ADM0_A3_ES": "IND",
        "ADM0_A3_CN": "IND",
        "ADM0_A3_TW": "IND",
        "ADM0_A3_IN": "IND",
        "ADM0_A3_NP": "IND",
        "ADM0_A3_PK": "PAK",
        "ADM0_A3_DE": "IND",
        "ADM0_A3_GB": "IND",
        "ADM0_A3_BR": "IND",
        "ADM0_A3_IL": "IND",
        "ADM0_A3_PS": "IND",
        "ADM0_A3_SA": "IND",
        "ADM0_A3_EG": "IND",
        "ADM0_A3_MA": "IND",
        "ADM0_A3_PT": "IND",
        "ADM0_A3_AR": "IND",
        "ADM0_A3_JP": "IND",
        "ADM0_A3_KO": "IND",
        "ADM0_A3_VN": "IND",
        "ADM0_A3_TR": "PAK",
        "ADM0_A3_ID": "IND",
        "ADM0_A3_PL": "IND",
        "ADM0_A3_GR": "IND",
        "ADM0_A3_IT": "IND",
        "ADM0_A3_NL": "IND",
        "ADM0_A3_SE": "IND",
        "ADM0_A3_BD": "IND",
        "ADM0_A3_UA": "IND",
        "ADM0_A3_UN": -99,
        "ADM0_A3_WB": -99,
        "CONTINENT": "Asia",
        "REGION_UN": "Asia",
        "SUBREGION": "Southern Asia",
        "REGION_WB": "South Asia",
        "NAME_LEN": 5,
        "LONG_LEN": 5,
        "ABBREV_LEN": 0,
        "TINY": -99,
        "HOMEPART": -99,
        "MIN_ZOOM": 3.7,
        "MIN_LABEL": 6,
        "MAX_LABEL": 9,
        "LABEL_X": 77.286367,
        "LABEL_Y": 34.056196,
        "NE_ID": 1159320869,
        "WIKIDATAID": "Q43100",
        "NAME_AR": "كشمير",
        "NAME_BN": "কাশ্মীর",
        "NAME_DE": "Kaschmir",
        "NAME_EN": "Kashmir",
        "NAME_ES": "Cachemira",
        "NAME_FA": "کشمیر",
        "NAME_FR": "Cachemire",
        "NAME_EL": "Κασμίρ",
        "NAME_HE": "קשמיר",
        "NAME_HI": "कश्मीर",
        "NAME_HU": "Kasmír",
        "NAME_ID": "Kashmir",
        "NAME_IT": "Kashmir",
        "NAME_JA": "カシミール",
        "NAME_KO": "카슈미르",
        "NAME_NL": "Jammu en Kasjmir",
        "NAME_PL": "Dżammu i Kaszmir",
        "NAME_PT": "Caxemira",
        "NAME_RU": "Кашмир",
        "NAME_SV": "Kashmir",
        "NAME_TR": "Keşmir",
        "NAME_UK": "Кашмір",
        "NAME_UR": "کشمیر",
        "NAME_VI": "Kashmir",
        "NAME_ZH": "克什米尔",
        "NAME_ZHT": "喀什米爾",
        "FCLASS_ISO": "Unrecognized",
        "TLC_DIFF": null,
        "FCLASS_TLC": "Unrecognized",
        "FCLASS_US": null,
        "FCLASS_FR": null,
        "FCLASS_RU": "Unrecognized",
        "FCLASS_ES": null,
        "FCLASS_CN": null,
        "FCLASS_TW": null,
        "FCLASS_IN": "Unrecognized",
        "FCLASS_NP": null,
        "FCLASS_PK": "Unrecognized",
        "FCLASS_DE": null,
        "FCLASS_GB": null,
        "FCLASS_BR": null,
        "FCLASS_IL": null,
        "FCLASS_PS": null,
        "FCLASS_SA": null,
        "FCLASS_EG": null,
        "FCLASS_MA": null,
        "FCLASS_PT": null,
        "FCLASS_AR": null,
        "FCLASS_JP": null,
        "FCLASS_KO": null,
        "FCLASS_VN": null,
        "FCLASS_TR": "Unrecognized",
        "FCLASS_ID": null,
        "FCLASS_PL": null,
        "FCLASS_GR": null,
        "FCLASS_IT": null,
        "FCLASS_NL": null,
        "FCLASS_SE": null,
        "FCLASS_BD": null,
        "FCLASS_UA": null
      },
      "bbox": [
        73.774856,
        32.300587,
        79.240155,
        35.495406
      ],
      "geometry": {
        "type": "Polygon",
        "coordinates": [
          [
            [
              77.800346,
              35.495406
            ],
            [
              77.815332,
              35.47334
            ],
            [
              77.834246,
              35.452152
            ],
            [
              77.857087,
              35.436598
            ],
            [
              77.883132,
              35.431068
            ],
            [
              77.912691,
              35.44099
            ],
            [
              77.957856,
              35.482073
            ],
            [
              77.985865,
              35.494165
            ],
            [
              78.044259,
              35.491633
            ],
            [
              78.055628,
              35.452876
            ],
            [
              78.038058,
              35.398099
            ],
            [
              78.009843,
              35.347456
            ],
            [
              78.001161,
              35.268908
            ],
            [
              78.036404,
              35.194235
            ],
            [
              78.130042,
              35.055432
            ],
            [
              78.13924,
              35.018949
            ],
            [
              78.148129,
              34.94314
            ],
            [
              78.162185,
              34.908826
            ],
            [
              78.202492,
              34.865728
            ],
            [
              78.211381,
              34.848262
            ],
            [
              78.273186,
              34.658867
            ],
            [
              78.296027,
              34.624658
            ],
            [
              78.335301,
              34.594375
            ],
            [
              78.379432,
              34.578666
            ],
            [
              78.607325,
              34.546471
            ],
            [
              78.664583,
              34.526421
            ],
            [
              78.750676,
              34.471282
            ],
            [
              78.801732,
              34.415006
            ],
            [
              78.839249,
              34.396894
            ],
            [
              78.885861,
              34.385758
            ],
            [
              78.922138,
              34.372296
            ],
            [
              78.95118,
              34.349171
            ],
            [
              78.95694,
              34.339961
            ],
            [
              78.976192,
              34.309173
            ],
            [
              78.98539,
              34.286358
            ],
            [
              78.988491,
              34.263129
            ],
            [
              78.985494,
              34.239901
            ],
            [
              78.976192,
              34.217163
            ],
            [
              78.903225,
              34.158123
            ],
            [
              78.806073,
              34.122983
            ],
            [
              78.730109,
              34.079265
            ],
            [
              78.721117,
              33.994386
            ],
            [
              78.770313,
              33.872352
            ],
            [
              78.787263,
              33.808428
            ],
            [
              78.794084,
              33.74391
            ],
            [
              78.781372,
              33.552785
            ],
            [
              78.800905,
              33.494236
            ],
            [
              78.824263,
              33.461059
            ],
            [
              78.915948,
              33.387656
            ],
            [
              78.917694,
              33.386258
            ],
            [
              78.964986,
              33.344254
            ],
            [
              78.993449,
              33.330782
            ],
            [
              79.023041,
              33.31798
            ],
            [
              79.053278,
              33.307873
            ],
            [
              79.075048,
              33.295743
            ],
            [
              79.098028,
              33.287655
            ],
            [
              79.125038,
              33.290203
            ],
            [
              79.140213,
              33.160251
            ],
            [
              79.139593,
              33.12493
            ],
            [
              79.115822,
              33.090049
            ],
            [
              79.095048,
              33.055115
            ],
            [
              79.10931,
              33.007909
            ],
            [
              79.176076,
              32.993465
            ],
            [
              79.175973,
              32.984784
            ],
            [
              79.21197,
              32.91994
            ],
            [
              79.201186,
              32.838215
            ],
            [
              79.205584,
              32.809031
            ],
            [
              79.230337,
              32.750999
            ],
            [
              79.240155,
              32.701571
            ],
            [
              79.22889,
              32.656122
            ],
            [
              79.219484,
              32.62186
            ],
            [
              79.214317,
              32.581165
            ],
            [
              79.215247,
              32.507914
            ],
            [
              79.191166,
              32.50427
            ],
            [
              79.1614,
              32.496467
            ],
            [
              79.132875,
              32.48546
            ],
            [
              79.112928,
              32.472386
            ],
            [
              79.102902,
              32.449855
            ],
            [
              79.09174,
              32.390556
            ],
            [
              79.075307,
              32.37079
            ],
            [
              79.066316,
              32.370067
            ],
            [
              79.039651,
              32.375984
            ],
            [
              79.028178,
              32.377095
            ],
            [
              79.014742,
              32.373994
            ],
            [
              78.989834,
              32.364098
            ],
            [
              78.976192,
              32.361618
            ],
            [
              78.943429,
              32.346373
            ],
            [
              78.911286,
              32.354745
            ],
            [
              78.881521,
              32.376268
            ],
            [
              78.855682,
              32.400452
            ],
            [
              78.77145,
              32.461663
            ],
            [
              78.754707,
              32.493806
            ],
            [
              78.73693,
              32.545792
            ],
            [
              78.734966,
              32.560649
            ],
            [
              78.740651,
              32.578684
            ],
            [
              78.749126,
              32.595867
            ],
            [
              78.750986,
              32.612791
            ],
            [
              78.736827,
              32.629844
            ],
            [
              78.713262,
              32.637518
            ],
            [
              78.694452,
              32.629663
            ],
            [
              78.664893,
              32.599019
            ],
            [
              78.647736,
              32.585971
            ],
            [
              78.630166,
              32.578013
            ],
            [
              78.589859,
              32.569925
            ],
            [
              78.447542,
              32.566256
            ],
            [
              78.408165,
              32.558376
            ],
            [
              78.384807,
              32.547549
            ],
            [
              78.380983,
              32.528041
            ],
            [
              78.358866,
              32.515587
            ],
            [
              78.313391,
              32.471739
            ],
            [
              78.302952,
              32.470654
            ],
            [
              78.29365,
              32.473289
            ],
            [
              78.282178,
              32.480653
            ],
            [
              78.274013,
              32.491144
            ],
            [
              78.270396,
              32.504166
            ],
            [
              78.274013,
              32.518868
            ],
            [
              78.281868,
              32.532381
            ],
            [
              78.286519,
              32.545094
            ],
            [
              78.292927,
              32.575402
            ],
            [
              78.299438,
              32.588657
            ],
            [
              78.304089,
              32.59615
            ],
            [
              78.313391,
              32.605039
            ],
            [
              78.332924,
              32.617906
            ],
            [
              78.358556,
              32.631678
            ],
            [
              78.368374,
              32.639817
            ],
            [
              78.374679,
              32.648783
            ],
            [
              78.37778,
              32.657335
            ],
            [
              78.38057,
              32.669195
            ],
            [
              78.384291,
              32.699374
            ],
            [
              78.383361,
              32.714438
            ],
            [
              78.38088,
              32.729295
            ],
            [
              78.373439,
              32.75397
            ],
            [
              78.370338,
              32.761127
            ],
            [
              78.366617,
              32.76521
            ],
            [
              78.360416,
              32.767613
            ],
            [
              78.353285,
              32.76862
            ],
            [
              78.333855,
              32.767845
            ],
            [
              78.325173,
              32.766734
            ],
            [
              78.317732,
              32.764667
            ],
            [
              78.315458,
              32.760507
            ],
            [
              78.317628,
              32.743609
            ],
            [
              78.314321,
              32.735444
            ],
            [
              78.305123,
              32.729475
            ],
            [
              78.279388,
              32.721491
            ],
            [
              78.268742,
              32.715704
            ],
            [
              78.253859,
              32.697901
            ],
            [
              78.243731,
              32.69294
            ],
            [
              78.227918,
              32.690175
            ],
            [
              78.208074,
              32.692165
            ],
            [
              78.191538,
              32.69201
            ],
            [
              78.178515,
              32.688754
            ],
            [
              78.154537,
              32.674052
            ],
            [
              78.131696,
              32.671494
            ],
            [
              78.114643,
              32.667722
            ],
            [
              78.104101,
              32.661857
            ],
            [
              78.09883,
              32.653769
            ],
            [
              78.093042,
              32.648989
            ],
            [
              78.084051,
              32.645139
            ],
            [
              78.077023,
              32.640463
            ],
            [
              78.069891,
              32.63036
            ],
            [
              78.059039,
              32.618345
            ],
            [
              78.043226,
              32.611395
            ],
            [
              78.008913,
              32.61031
            ],
            [
              77.994651,
              32.620361
            ],
            [
              77.988346,
              32.633771
            ],
            [
              77.983178,
              32.648059
            ],
            [
              77.973877,
              32.660358
            ],
            [
              77.949382,
              32.682708
            ],
            [
              77.93853,
              32.695343
            ],
            [
              77.932329,
              32.710872
            ],
            [
              77.928918,
              32.762445
            ],
            [
              77.922717,
              32.775183
            ],
            [
              77.910521,
              32.790738
            ],
            [
              77.893468,
              32.802959
            ],
            [
              77.857915,
              32.873007
            ],
            [
              77.823808,
              32.910343
            ],
            [
              77.765207,
              32.962562
            ],
            [
              77.742159,
              32.986953
            ],
            [
              77.732548,
              33.001578
            ],
            [
              77.721075,
              33.012636
            ],
            [
              77.71229,
              33.014523
            ],
            [
              77.703299,
              33.013257
            ],
            [
              77.69441,
              33.008089
            ],
            [
              77.675187,
              33.000415
            ],
            [
              77.67343,
              32.999407
            ],
            [
              77.659994,
              32.986488
            ],
            [
              77.652036,
              32.980468
            ],
            [
              77.643354,
              32.97605
            ],
            [
              77.624854,
              32.971476
            ],
            [
              77.615759,
              32.968298
            ],
            [
              77.607491,
              32.962407
            ],
            [
              77.581032,
              32.939049
            ],
            [
              77.566873,
              32.929877
            ],
            [
              77.55354,
              32.923417
            ],
            [
              77.538968,
              32.918353
            ],
            [
              77.497833,
              32.909258
            ],
            [
              77.477679,
              32.901248
            ],
            [
              77.443986,
              32.894478
            ],
            [
              77.393964,
              32.889931
            ],
            [
              77.389003,
              32.887683
            ],
            [
              77.384972,
              32.88404
            ],
            [
              77.377737,
              32.872206
            ],
            [
              77.371329,
              32.867038
            ],
            [
              77.348695,
              32.867245
            ],
            [
              77.219917,
              32.901997
            ],
            [
              77.135788,
              32.92675
            ],
            [
              77.088453,
              32.950211
            ],
            [
              76.999879,
              33.007236
            ],
            [
              76.956058,
              33.02509
            ],
            [
              76.940141,
              33.034289
            ],
            [
              76.927532,
              33.045864
            ],
            [
              76.903038,
              33.07377
            ],
            [
              76.848364,
              33.114801
            ],
            [
              76.82945,
              33.125549
            ],
            [
              76.768679,
              33.186812
            ],
            [
              76.754519,
              33.194563
            ],
            [
              76.739843,
              33.197406
            ],
            [
              76.625949,
              33.189292
            ],
            [
              76.611893,
              33.193917
            ],
            [
              76.558562,
              33.23146
            ],
            [
              76.542439,
              33.232856
            ],
            [
              76.512157,
              33.217223
            ],
            [
              76.396712,
              33.197716
            ],
            [
              76.353304,
              33.180094
            ],
            [
              76.294289,
              33.147899
            ],
            [
              76.28106,
              33.136453
            ],
            [
              76.274755,
              33.12679
            ],
            [
              76.274239,
              33.116609
            ],
            [
              76.270828,
              33.103535
            ],
            [
              76.261733,
              33.086456
            ],
            [
              76.237032,
              33.063486
            ],
            [
              76.215948,
              33.051084
            ],
            [
              76.194657,
              33.043281
            ],
            [
              76.152799,
              33.032299
            ],
            [
              76.100813,
              33.01305
            ],
            [
              76.081692,
              33.000803
            ],
            [
              76.075491,
              32.993284
            ],
            [
              76.05141,
              32.969461
            ],
            [
              75.972448,
              32.911041
            ],
            [
              75.954672,
              32.901377
            ],
            [
              75.943613,
              32.898121
            ],
            [
              75.935965,
              32.903237
            ],
            [
              75.919842,
              32.920265
            ],
            [
              75.911677,
              32.925898
            ],
            [
              75.903099,
              32.928921
            ],
            [
              75.893797,
              32.930807
            ],
            [
              75.869612,
              32.940005
            ],
            [
              75.858554,
              32.94215
            ],
            [
              75.846048,
              32.942227
            ],
            [
              75.826411,
              32.938067
            ],
            [
              75.814629,
              32.931789
            ],
            [
              75.806877,
              32.923675
            ],
            [
              75.803363,
              32.911997
            ],
            [
              75.804913,
              32.898612
            ],
            [
              75.811735,
              32.884298
            ],
            [
              75.82424,
              32.870449
            ],
            [
              75.858554,
              32.839546
            ],
            [
              75.869612,
              32.827402
            ],
            [
              75.876537,
              32.81761
            ],
            [
              75.880878,
              32.80885
            ],
            [
              75.886665,
              32.79973
            ],
            [
              75.903305,
              32.781617
            ],
            [
              75.9093,
              32.772703
            ],
            [
              75.9124,
              32.761902
            ],
            [
              75.913227,
              32.755675
            ],
            [
              75.903409,
              32.736374
            ],
            [
              75.901445,
              32.702862
            ],
            [
              75.904856,
              32.691312
            ],
            [
              75.924699,
              32.651961
            ],
            [
              75.926043,
              32.641186
            ],
            [
              75.925733,
              32.630567
            ],
            [
              75.922632,
              32.617338
            ],
            [
              75.920462,
              32.61447
            ],
            [
              75.912917,
              32.610542
            ],
            [
              75.895554,
              32.596848
            ],
            [
              75.865892,
              32.560571
            ],
            [
              75.867132,
              32.547471
            ],
            [
              75.85504,
              32.526284
            ],
            [
              75.847391,
              32.516749
            ],
            [
              75.839123,
              32.506569
            ],
            [
              75.828581,
              32.497887
            ],
            [
              75.818039,
              32.494787
            ],
            [
              75.797679,
              32.481118
            ],
            [
              75.743005,
              32.464375
            ],
            [
              75.736804,
              32.4559
            ],
            [
              75.732566,
              32.437168
            ],
            [
              75.729362,
              32.429623
            ],
            [
              75.723161,
              32.424223
            ],
            [
              75.705695,
              32.412802
            ],
            [
              75.698253,
              32.406033
            ],
            [
              75.682647,
              32.399806
            ],
            [
              75.611954,
              32.395465
            ],
            [
              75.5733,
              32.374639
            ],
            [
              75.537953,
              32.345184
            ],
            [
              75.5024,
              32.300587
            ],
            [
              75.480695,
              32.30746
            ],
            [
              75.474184,
              32.312137
            ],
            [
              75.464779,
              32.317743
            ],
            [
              75.451447,
              32.324022
            ],
            [
              75.444729,
              32.330301
            ],
            [
              75.442041,
              32.336192
            ],
            [
              75.444419,
              32.353193
            ],
            [
              75.441938,
              32.359756
            ],
            [
              75.43677,
              32.360221
            ],
            [
              75.422714,
              32.353994
            ],
            [
              75.414136,
              32.34601
            ],
            [
              75.390365,
              32.335494
            ],
            [
              75.327113,
              32.339964
            ],
            [
              75.298403,
              32.332427
            ],
            [
              75.230167,
              32.380195
            ],
            [
              75.196164,
              32.3973
            ],
            [
              75.125988,
              32.411744
            ],
            [
              75.092191,
              32.429339
            ],
            [
              75.054881,
              32.455539
            ],
            [
              75.023668,
              32.466262
            ],
            [
              74.990699,
              32.463368
            ],
            [
              74.948427,
              32.44877
            ],
            [
              74.906983,
              32.445178
            ],
            [
              74.83815,
              32.474866
            ],
            [
              74.799393,
              32.47267
            ],
            [
              74.763529,
              32.462671
            ],
            [
              74.724978,
              32.46081
            ],
            [
              74.689322,
              32.471352
            ],
            [
              74.662553,
              32.498379
            ],
            [
              74.632581,
              32.568168
            ],
            [
              74.629584,
              32.588089
            ],
            [
              74.636922,
              32.606254
            ],
            [
              74.647981,
              32.623617
            ],
            [
              74.656042,
              32.64067
            ],
            [
              74.657282,
              32.660592
            ],
            [
              74.650151,
              32.701235
            ],
            [
              74.649738,
              32.723146
            ],
            [
              74.656972,
              32.745341
            ],
            [
              74.682294,
              32.787328
            ],
            [
              74.689115,
              32.808825
            ],
            [
              74.685291,
              32.831227
            ],
            [
              74.671752,
              32.840581
            ],
            [
              74.653562,
              32.837428
            ],
            [
              74.635888,
              32.82208
            ],
            [
              74.626276,
              32.80265
            ],
            [
              74.622039,
              32.785416
            ],
            [
              74.614081,
              32.770404
            ],
            [
              74.59341,
              32.757872
            ],
            [
              74.573773,
              32.75255
            ],
            [
              74.52096,
              32.745289
            ],
            [
              74.500909,
              32.746013
            ],
            [
              74.484476,
              32.753532
            ],
            [
              74.455331,
              32.778595
            ],
            [
              74.438691,
              32.785984
            ],
            [
              74.418951,
              32.784615
            ],
            [
              74.386394,
              32.767768
            ],
            [
              74.367688,
              32.763531
            ],
            [
              74.34619,
              32.76689
            ],
            [
              74.329344,
              32.776424
            ],
            [
              74.316321,
              32.791075
            ],
            [
              74.306503,
              32.809911
            ],
            [
              74.315939,
              32.82175
            ],
            [
              74.316989,
              32.823067
            ],
            [
              74.322936,
              32.830529
            ],
            [
              74.333788,
              32.849262
            ],
            [
              74.336682,
              32.870139
            ],
            [
              74.324486,
              32.921402
            ],
            [
              74.322006,
              32.972045
            ],
            [
              74.311257,
              32.994292
            ],
            [
              74.283972,
              33.008813
            ],
            [
              74.190851,
              33.022094
            ],
            [
              74.153851,
              33.040181
            ],
            [
              74.098453,
              33.104828
            ],
            [
              74.065794,
              33.132604
            ],
            [
              74.029414,
              33.154153
            ],
            [
              74.002335,
              33.177692
            ],
            [
              73.988486,
              33.20862
            ],
            [
              73.991793,
              33.252571
            ],
            [
              74.001715,
              33.270167
            ],
            [
              74.017838,
              33.279494
            ],
            [
              74.055355,
              33.292026
            ],
            [
              74.071995,
              33.302284
            ],
            [
              74.085121,
              33.314324
            ],
            [
              74.095973,
              33.328484
            ],
            [
              74.105481,
              33.345201
            ],
            [
              74.136281,
              33.418013
            ],
            [
              74.157778,
              33.494236
            ],
            [
              74.141552,
              33.549374
            ],
            [
              74.088118,
              33.58529
            ],
            [
              74.024246,
              33.614254
            ],
            [
              73.976704,
              33.648387
            ],
            [
              73.968332,
              33.662081
            ],
            [
              73.963061,
              33.676757
            ],
            [
              73.960787,
              33.692286
            ],
            [
              73.963061,
              33.72156
            ],
            [
              73.966162,
              33.734531
            ],
            [
              73.970709,
              33.747063
            ],
            [
              73.976704,
              33.758922
            ],
            [
              74.011327,
              33.81047
            ],
            [
              74.034581,
              33.828608
            ],
            [
              74.142275,
              33.84424
            ],
            [
              74.177518,
              33.857547
            ],
            [
              74.212555,
              33.878424
            ],
            [
              74.23953,
              33.901007
            ],
            [
              74.262474,
              33.929946
            ],
            [
              74.272293,
              33.96214
            ],
            [
              74.259684,
              33.994386
            ],
            [
              74.228368,
              34.012886
            ],
            [
              74.192091,
              34.011853
            ],
            [
              74.154264,
              34.004101
            ],
            [
              74.118401,
              34.002525
            ],
            [
              74.065277,
              34.018338
            ],
            [
              74.04502,
              34.019423
            ],
            [
              73.976704,
              34.004592
            ],
            [
              73.945801,
              34.009786
            ],
            [
              73.916242,
              34.02795
            ],
            [
              73.893711,
              34.054305
            ],
            [
              73.88441,
              34.0842
            ],
            [
              73.893298,
              34.11474
            ],
            [
              73.916862,
              34.135256
            ],
            [
              73.976704,
              34.161559
            ],
            [
              73.995411,
              34.176442
            ],
            [
              73.998304,
              34.196803
            ],
            [
              73.990553,
              34.218507
            ],
            [
              73.976704,
              34.23755
            ],
            [
              73.95438,
              34.287185
            ],
            [
              73.93774,
              34.304212
            ],
            [
              73.907457,
              34.306796
            ],
            [
              73.879035,
              34.30429
            ],
            [
              73.8533,
              34.307416
            ],
            [
              73.829116,
              34.315348
            ],
            [
              73.804208,
              34.327492
            ],
            [
              73.78271,
              34.346819
            ],
            [
              73.774856,
              34.370952
            ],
            [
              73.779817,
              34.396067
            ],
            [
              73.79625,
              34.418546
            ],
            [
              73.806792,
              34.425161
            ],
            [
              73.831596,
              34.4364
            ],
            [
              73.840381,
              34.44441
            ],
            [
              73.845549,
              34.456477
            ],
            [
              73.846996,
              34.494175
            ],
            [
              73.846996,
              34.49433
            ],
            [
              73.863119,
              34.517067
            ],
            [
              73.910971,
              34.544973
            ],
            [
              73.925957,
              34.564971
            ],
            [
              73.925441,
              34.593393
            ],
            [
              73.917483,
              34.619283
            ],
            [
              73.919343,
              34.642538
            ],
            [
              73.948592,
              34.662743
            ],
            [
              73.962234,
              34.668169
            ],
            [
              74.120881,
              34.690855
            ],
            [
              74.146823,
              34.701862
            ],
            [
              74.221753,
              34.747751
            ],
            [
              74.285832,
              34.768887
            ],
            [
              74.348877,
              34.773434
            ],
            [
              74.412129,
              34.764494
            ],
            [
              74.66493,
              34.688323
            ],
            [
              75.017777,
              34.629722
            ],
            [
              75.111001,
              34.633649
            ],
            [
              75.17632,
              34.64538
            ],
            [
              75.212907,
              34.644967
            ],
            [
              75.224544,
              34.638622
            ],
            [
              75.236885,
              34.631892
            ],
            [
              75.251355,
              34.613082
            ],
            [
              75.267478,
              34.598303
            ],
            [
              75.306958,
              34.574015
            ],
            [
              75.348093,
              34.55722
            ],
            [
              75.611643,
              34.49836
            ],
            [
              75.655568,
              34.496965
            ],
            [
              75.713652,
              34.508515
            ],
            [
              75.734839,
              34.508618
            ],
            [
              75.777111,
              34.503812
            ],
            [
              75.795818,
              34.507921
            ],
            [
              75.816178,
              34.521667
            ],
            [
              75.873952,
              34.571379
            ],
            [
              75.939271,
              34.612049
            ],
            [
              75.966246,
              34.619077
            ],
            [
              75.973378,
              34.622332
            ],
            [
              75.98671,
              34.636027
            ],
            [
              76.007484,
              34.66512
            ],
            [
              76.023401,
              34.677161
            ],
            [
              76.058334,
              34.683414
            ],
            [
              76.121792,
              34.660883
            ],
            [
              76.154969,
              34.661658
            ],
            [
              76.262042,
              34.684654
            ],
            [
              76.399915,
              34.750748
            ],
            [
              76.438156,
              34.762892
            ],
            [
              76.476499,
              34.757776
            ],
            [
              76.519908,
              34.731111
            ],
            [
              76.535824,
              34.726202
            ],
            [
              76.553187,
              34.72584
            ],
            [
              76.63959,
              34.741136
            ],
            [
              76.652613,
              34.746976
            ],
            [
              76.743873,
              34.819271
            ],
            [
              76.753278,
              34.83834
            ],
            [
              76.749558,
              34.892083
            ],
            [
              76.757619,
              34.915131
            ],
            [
              76.782011,
              34.930892
            ],
            [
              76.817047,
              34.940762
            ],
            [
              76.852601,
              34.943346
            ],
            [
              76.879576,
              34.937093
            ],
            [
              76.905931,
              34.923141
            ],
            [
              76.921123,
              34.920712
            ],
            [
              76.933836,
              34.928877
            ],
            [
              76.952956,
              34.94655
            ],
            [
              77.013108,
              34.986393
            ],
            [
              77.02861,
              35.003394
            ],
            [
              77.035225,
              35.034503
            ],
            [
              77.02706,
              35.062099
            ],
            [
              77.023133,
              35.086335
            ],
            [
              77.042426,
              35.107014
            ],
            [
              77.048971,
              35.110442
            ],
            [
              77.424659,
              35.302924
            ],
            [
              77.800346,
              35.495406
            ]
          ]
        ]
      }
    },
    {
      "type": "Feature",
      "properties": {
        "featurecla": "Admin-0 claim area",
        "scalerank": 0,
        "LABELRANK": 5,
        "SOVEREIGNT": "China",
        "SOV_A3": "CH1",
        "ADM0_DIF": 1,
        "LEVEL": 5,
        "TYPE": "Disputed",
        "TLC": null,
        "ADMIN": "China",
        "ADM0_A3": "CHN",
        "GEOU_DIF": 0,
        "GEOUNIT": "China",
        "GU_A3": "CHN",
        "SU_DIF": 1,
        "SUBUNIT": "China",
        "SU_A3": "CHI",
        "BRK_DIFF": 1,
        "NAME": "China",
        "NAME_LONG": "China",
        "BRK_A3": "B07",
        "BRK_NAME": "Aksai Chin",
        "BRK_GROUP": "Jammu and Kashmir",
        "ABBREV": null,
        "POSTAL": null,
        "FORMAL_EN": null,
        "FORMAL_FR": null,
        "NAME_CIAWF": null,
        "NOTE_ADM0": "Cn.",
        "NOTE_BRK": "Admin. by China; Claimed by India",
        "NAME_SORT": "Aksai Chin",
        "NAME_ALT": null,
        "MAPCOLOR7": 4,
        "MAPCOLOR8": 4,
        "MAPCOLOR9": 4,
        "MAPCOLOR13": 3,
        "POP_EST": 1,
        "POP_RANK": 1,
        "POP_YEAR": 2019,
        "GDP_MD": 0,
        "GDP_YEAR": 2019,
        "ECONOMY": "3. Emerging region: BRIC",
        "INCOME_GRP": "3. Upper middle income",
        "FIPS_10": "-99",
        "ISO_A2": "-99",
        "ISO_A2_EH": "-99",
        "ISO_A3": "-99",
        "ISO_A3_EH": "-99",
        "ISO_N3": "-99",
        "ISO_N3_EH": "-99",
        "UN_A3": "-099",
        "WB_A2": "-99",
        "WB_A3": "-99",
        "WOE_ID": -99,
        "WOE_ID_EH": -99,
        "WOE_NOTE": "No WOE equivalent.",
        "ADM0_ISO": "-99",
        "ADM0_DIFF": null,
        "ADM0_TLC": "-99",
        "ADM0_A3_US": "CHN",
        "ADM0_A3_FR": "CHN",
        "ADM0_A3_RU": "CHN",
        "ADM0_A3_ES": "CHN",
        "ADM0_A3_CN": "CHN",
        "ADM0_A3_TW": "TWN",
        "ADM0_A3_IN": "IND",
        "ADM0_A3_NP": "CHN",
        "ADM0_A3_PK": "CHN",
        "ADM0_A3_DE": "CHN",
        "ADM0_A3_GB": "CHN",
        "ADM0_A3_BR": "CHN",
        "ADM0_A3_IL": "CHN",
        "ADM0_A3_PS": "CHN",
        "ADM0_A3_SA": "CHN",
        "ADM0_A3_EG": "CHN",
        "ADM0_A3_MA": "CHN",
        "ADM0_A3_PT": "CHN",
        "ADM0_A3_AR": "CHN",
        "ADM0_A3_JP": "CHN",
        "ADM0_A3_KO": "CHN",
        "ADM0_A3_VN": "CHN",
        "ADM0_A3_TR": "CHN",
        "ADM0_A3_ID": "CHN",
        "ADM0_A3_PL": "CHN",
        "ADM0_A3_GR": "CHN",
        "ADM0_A3_IT": "CHN",
        "ADM0_A3_NL": "CHN",
        "ADM0_A3_SE": "CHN",
        "ADM0_A3_BD": "CHN",
        "ADM0_A3_UA": "CHN",
        "ADM0_A3_UN": -99,
        "ADM0_A3_WB": -99,
        "CONTINENT": "Asia",
        "REGION_UN": "Asia",
        "SUBREGION": "Eastern Asia",
        "REGION_WB": "East Asia & Pacific",
        "NAME_LEN": 5,
        "LONG_LEN": 5,
        "ABBREV_LEN": 0,
        "TINY": -99,
        "HOMEPART": 1,
        "MIN_ZOOM": 3.7,
        "MIN_LABEL": 7.7,
        "MAX_LABEL": 9,
        "LABEL_X": 79.172747,
        "LABEL_Y": 35.061522,
        "NE_ID": 1159320487,
        "WIKIDATAID": "Q230830",
        "NAME_AR": "أكساي تشين",
        "NAME_BN": "আকসাই চীন",
        "NAME_DE": "Aksai Chin",
        "NAME_EN": "Aksai Chin",
        "NAME_ES": "Aksai Chin",
        "NAME_FA": "اکسائی چن",
        "NAME_FR": "Aksai Chin",
        "NAME_EL": "Ακσάι Τσιν",
        "NAME_HE": "אקסאי צ'ין",
        "NAME_HI": "अक्साई चिन",
        "NAME_HU": "Akszaj Csin",
        "NAME_ID": "Aksai Chin",
        "NAME_IT": "Aksai Chin",
        "NAME_JA": "アクサイチン",
        "NAME_KO": "악사이친",
        "NAME_NL": "Aksai Chin",
        "NAME_PL": "Aksai Chin",
        "NAME_PT": "Aksai Chin",
        "NAME_RU": "Аксайчин",
        "NAME_SV": "Aksai Chin",
        "NAME_TR": "Aksai Çin",
        "NAME_UK": "Аксай Чин",
        "NAME_UR": "اکسائی چن",
        "NAME_VI": "Aksai Chin",
        "NAME_ZH": "阿克赛钦",
        "NAME_ZHT": "阿克賽欽",
        "FCLASS_ISO": "Unrecognized",
        "TLC_DIFF": null,
        "FCLASS_TLC": "Unrecognized",
        "FCLASS_US": null,
        "FCLASS_FR": null,
        "FCLASS_RU": "Unrecognized",
        "FCLASS_ES": null,
        "FCLASS_CN": "Unrecognized",
        "FCLASS_TW": "Unrecognized",
        "FCLASS_IN": "Unrecognized",
        "FCLASS_NP": null,
        "FCLASS_PK": "Unrecognized",
        "FCLASS_DE": null,
        "FCLASS_GB": null,
        "FCLASS_BR": null,
        "FCLASS_IL": null,
        "FCLASS_PS": null,
        "FCLASS_SA": null,
        "FCLASS_EG": null,
        "FCLASS_MA": null,
        "FCLASS_PT": null,
        "FCLASS_AR": null,
        "FCLASS_JP": null,
        "FCLASS_KO": null,
        "FCLASS_VN": null,
        "FCLASS_TR": "Unrecognized",
        "FCLASS_ID": null,
        "FCLASS_PL": null,
        "FCLASS_GR": null,
        "FCLASS_IT": null,
        "FCLASS_NL": null,
        "FCLASS_SE": null,
        "FCLASS_BD": null,
        "FCLASS_UA": null
      },
      "bbox": [
        77.800346,
        33.386258,
        80.327118,
        35.980027
      ],
      "geometry": {
        "type": "Polygon",
        "coordinates": [
          [
            [
              77.800346,
              35.495406
            ],
            [
              77.829492,
              35.491788
            ],
            [
              77.860291,
              35.484088
            ],
            [
              77.88985,
              35.481763
            ],
            [
              77.915171,
              35.494165
            ],
            [
              77.932018,
              35.522691
            ],
            [
              77.941216,
              35.54672
            ],
            [
              77.954755,
              35.561706
            ],
            [
              77.984521,
              35.563257
            ],
            [
              78.073301,
              35.540209
            ],
            [
              78.10162,
              35.538297
            ],
            [
              78.114849,
              35.54455
            ],
            [
              78.128802,
              35.582997
            ],
            [
              78.142341,
              35.605786
            ],
            [
              78.161875,
              35.623615
            ],
            [
              78.185542,
              35.635965
            ],
            [
              78.229364,
              35.647489
            ],
            [
              78.241043,
              35.656791
            ],
            [
              78.26099,
              35.682784
            ],
            [
              78.275769,
              35.694722
            ],
            [
              78.292616,
              35.701233
            ],
            [
              78.329926,
              35.709243
            ],
            [
              78.36672,
              35.725159
            ],
            [
              78.400206,
              35.745416
            ],
            [
              78.435243,
              35.760971
            ],
            [
              78.508934,
              35.767895
            ],
            [
              78.545314,
              35.781125
            ],
            [
              78.652284,
              35.840914
            ],
            [
              78.66479,
              35.852541
            ],
            [
              78.736543,
              35.868057
            ],
            [
              78.776748,
              35.866651
            ],
            [
              78.825264,
              35.865212
            ],
            [
              78.97143,
              35.887434
            ],
            [
              79.028084,
              35.85237
            ],
            [
              79.132534,
              35.836217
            ],
            [
              79.19405,
              35.886924
            ],
            [
              79.183621,
              35.941322
            ],
            [
              79.290075,
              35.977288
            ],
            [
              79.323664,
              35.980027
            ],
            [
              79.363662,
              35.97517
            ],
            [
              79.400249,
              35.961992
            ],
            [
              79.423916,
              35.939823
            ],
            [
              79.428257,
              35.908507
            ],
            [
              79.460819,
              35.885767
            ],
            [
              79.488646,
              35.878829
            ],
            [
              79.545666,
              35.864634
            ],
            [
              79.567577,
              35.858743
            ],
            [
              79.623335,
              35.845651
            ],
            [
              79.716357,
              35.817181
            ],
            [
              79.737537,
              35.802009
            ],
            [
              79.796442,
              35.797246
            ],
            [
              79.875561,
              35.78496
            ],
            [
              79.918553,
              35.82225
            ],
            [
              79.960285,
              35.838863
            ],
            [
              80.00452,
              35.838928
            ],
            [
              80.038239,
              35.799762
            ],
            [
              80.058235,
              35.749937
            ],
            [
              80.088493,
              35.724689
            ],
            [
              80.111073,
              35.680006
            ],
            [
              80.177905,
              35.66695
            ],
            [
              80.243571,
              35.638661
            ],
            [
              80.291504,
              35.607418
            ],
            [
              80.30597,
              35.572721
            ],
            [
              80.312246,
              35.548964
            ],
            [
              80.315531,
              35.53188
            ],
            [
              80.319211,
              35.509254
            ],
            [
              80.327118,
              35.476874
            ],
            [
              80.326316,
              35.466782
            ],
            [
              80.309434,
              35.462806
            ],
            [
              80.284419,
              35.445521
            ],
            [
              80.284045,
              35.395973
            ],
            [
              80.277714,
              35.345234
            ],
            [
              80.255494,
              35.312678
            ],
            [
              80.261281,
              35.26989
            ],
            [
              80.241832,
              35.223158
            ],
            [
              80.202574,
              35.19085
            ],
            [
              80.187958,
              35.150638
            ],
            [
              80.18325,
              35.103181
            ],
            [
              80.173845,
              35.071917
            ],
            [
              80.162606,
              34.950875
            ],
            [
              80.116557,
              34.883931
            ],
            [
              80.077907,
              34.837333
            ],
            [
              80.073872,
              34.792275
            ],
            [
              80.085582,
              34.776586
            ],
            [
              80.066358,
              34.737416
            ],
            [
              80.049718,
              34.67313
            ],
            [
              80.035249,
              34.657472
            ],
            [
              79.995768,
              34.647499
            ],
            [
              79.937725,
              34.656924
            ],
            [
              79.907298,
              34.661865
            ],
            [
              79.866783,
              34.658041
            ],
            [
              79.852107,
              34.64445
            ],
            [
              79.844563,
              34.623159
            ],
            [
              79.839292,
              34.60006
            ],
            [
              79.830713,
              34.580836
            ],
            [
              79.81335,
              34.565385
            ],
            [
              79.794436,
              34.558822
            ],
            [
              79.751442,
              34.551949
            ],
            [
              79.731495,
              34.545076
            ],
            [
              79.713615,
              34.534844
            ],
            [
              79.702142,
              34.520349
            ],
            [
              79.701729,
              34.500298
            ],
            [
              79.711444,
              34.486449
            ],
            [
              79.7255,
              34.475623
            ],
            [
              79.736766,
              34.463324
            ],
            [
              79.738006,
              34.44472
            ],
            [
              79.712684,
              34.415316
            ],
            [
              79.710588,
              34.414933
            ],
            [
              79.669586,
              34.407436
            ],
            [
              79.622871,
              34.411983
            ],
            [
              79.543599,
              34.428675
            ],
            [
              79.523032,
              34.426091
            ],
            [
              79.510319,
              34.412164
            ],
            [
              79.509493,
              34.392165
            ],
            [
              79.524686,
              34.351522
            ],
            [
              79.548353,
              34.25065
            ],
            [
              79.551557,
              34.209567
            ],
            [
              79.53285,
              34.184168
            ],
            [
              79.513937,
              34.182979
            ],
            [
              79.49802,
              34.186416
            ],
            [
              79.488202,
              34.181894
            ],
            [
              79.487272,
              34.156728
            ],
            [
              79.497814,
              34.120192
            ],
            [
              79.495023,
              34.10593
            ],
            [
              79.47642,
              34.088928
            ],
            [
              79.448514,
              34.067508
            ],
            [
              79.40552,
              34.021904
            ],
            [
              79.375961,
              34.011413
            ],
            [
              79.132255,
              34.026477
            ],
            [
              79.101662,
              34.019992
            ],
            [
              79.093911,
              34.014437
            ],
            [
              79.080992,
              34.000096
            ],
            [
              79.070656,
              33.995497
            ],
            [
              79.062388,
              33.99529
            ],
            [
              79.03934,
              34.001957
            ],
            [
              78.935057,
              34.00715
            ],
            [
              78.902811,
              33.983172
            ],
            [
              78.887515,
              33.946456
            ],
            [
              78.89754,
              33.907466
            ],
            [
              78.91604,
              33.870699
            ],
            [
              78.928753,
              33.834163
            ],
            [
              78.945393,
              33.799824
            ],
            [
              78.976192,
              33.76949
            ],
            [
              78.991281,
              33.75192
            ],
            [
              78.995209,
              33.729674
            ],
            [
              78.996139,
              33.705463
            ],
            [
              79.011332,
              33.657998
            ],
            [
              79.012779,
              33.633685
            ],
            [
              79.002547,
              33.619344
            ],
            [
              78.976192,
              33.624977
            ],
            [
              78.945393,
              33.634124
            ],
            [
              78.917384,
              33.6334
            ],
            [
              78.89599,
              33.620094
            ],
            [
              78.885241,
              33.591775
            ],
            [
              78.886895,
              33.566893
            ],
            [
              78.904052,
              33.521598
            ],
            [
              78.909839,
              33.494236
            ],
            [
              78.906015,
              33.447985
            ],
            [
              78.907566,
              33.423542
            ],
            [
              78.912526,
              33.402303
            ],
            [
              78.917694,
              33.386258
            ],
            [
              78.915948,
              33.387656
            ],
            [
              78.824263,
              33.461059
            ],
            [
              78.800905,
              33.494236
            ],
            [
              78.781372,
              33.552785
            ],
            [
              78.794084,
              33.74391
            ],
            [
              78.787263,
              33.808428
            ],
            [
              78.770313,
              33.872352
            ],
            [
              78.721117,
              33.994386
            ],
            [
              78.730109,
              34.079265
            ],
            [
              78.806073,
              34.122983
            ],
            [
              78.903225,
              34.158123
            ],
            [
              78.976192,
              34.217163
            ],
            [
              78.985494,
              34.239901
            ],
            [
              78.988491,
              34.263129
            ],
            [
              78.98539,
              34.286358
            ],
            [
              78.976192,
              34.309173
            ],
            [
              78.95694,
              34.339961
            ],
            [
              78.95118,
              34.349171
            ],
            [
              78.922138,
              34.372296
            ],
            [
              78.885861,
              34.385758
            ],
            [
              78.839249,
              34.396894
            ],
            [
              78.801732,
              34.415006
            ],
            [
              78.750676,
              34.471282
            ],
            [
              78.664583,
              34.526421
            ],
            [
              78.607325,
              34.546471
            ],
            [
              78.379432,
              34.578666
            ],
            [
              78.335301,
              34.594375
            ],
            [
              78.296027,
              34.624658
            ],
            [
              78.273186,
              34.658867
            ],
            [
              78.211381,
              34.848262
            ],
            [
              78.202492,
              34.865728
            ],
            [
              78.162185,
              34.908826
            ],
            [
              78.148129,
              34.94314
            ],
            [
              78.13924,
              35.018949
            ],
            [
              78.130042,
              35.055432
            ],
            [
              78.036404,
              35.194235
            ],
            [
              78.001161,
              35.268908
            ],
            [
              78.009843,
              35.347456
            ],
            [
              78.038058,
              35.398099
            ],
            [
              78.055628,
              35.452876
            ],
            [
              78.044259,
              35.491633
            ],
            [
              77.985865,
              35.494165
            ],
            [
              77.957856,
              35.482073
            ],
            [
              77.912691,
              35.44099
            ],
            [
              77.883132,
              35.431068
            ],
            [
              77.857087,
              35.436598
            ],
            [
              77.834246,
              35.452152
            ],
            [
              77.815332,
              35.47334
            ],
            [
              77.800346,
              35.495406
            ]
          ]
        ]
      }
    },
    {
      "type": "Feature",
      "properties": {
        "featurecla": "Admin-0 claim area",
        "scalerank": 0,
        "LABELRANK": 7,
        "SOVEREIGNT": "China",
        "SOV_A3": "CH1",
        "ADM0_DIF": 1,
        "LEVEL": 5,
        "TYPE": "Disputed",
        "TLC": null,
        "ADMIN": "China",
        "ADM0_A3": "CHN",
        "GEOU_DIF": 0,
        "GEOUNIT": "China",
        "GU_A3": "CHN",
        "SU_DIF": 1,
        "SUBUNIT": "China",
        "SU_A3": "CHI",
        "BRK_DIFF": 1,
        "NAME": "China",
        "NAME_LONG": "China",
        "BRK_A3": "B06",
        "BRK_NAME": "Shaksam Valley",
        "BRK_GROUP": "Jammu and Kashmir",
        "ABBREV": null,
        "POSTAL": null,
        "FORMAL_EN": null,
        "FORMAL_FR": null,
        "NAME_CIAWF": null,
        "NOTE_ADM0": "Cn.",
        "NOTE_BRK": "Admin. by China; Ceded to China by Pakistan; Claimed by India",
        "NAME_SORT": "Shaksam Valley",
        "NAME_ALT": null,
        "MAPCOLOR7": 4,
        "MAPCOLOR8": 4,
        "MAPCOLOR9": 4,
        "MAPCOLOR13": 3,
        "POP_EST": 10,
        "POP_RANK": 1,
        "POP_YEAR": 2019,
        "GDP_MD": 0,
        "GDP_YEAR": 2019,
        "ECONOMY": "3. Emerging region: BRIC",
        "INCOME_GRP": "3. Upper middle income",
        "FIPS_10": "-99",
        "ISO_A2": "-99",
        "ISO_A2_EH": "-99",
        "ISO_A3": "-99",
        "ISO_A3_EH": "-99",
        "ISO_N3": "-99",
        "ISO_N3_EH": "-99",
        "UN_A3": "-099",
        "WB_A2": "-99",
        "WB_A3": "-99",
        "WOE_ID": -99,
        "WOE_ID_EH": -99,
        "WOE_NOTE": "No WOE equivalent.",
        "ADM0_ISO": "-99",
        "ADM0_DIFF": null,
        "ADM0_TLC": "-99",
        "ADM0_A3_US": "CHN",
        "ADM0_A3_FR": "CHN",
        "ADM0_A3_RU": "CHN",
        "ADM0_A3_ES": "CHN",
        "ADM0_A3_CN": "CHN",
        "ADM0_A3_TW": "TWN",
        "ADM0_A3_IN": "IND",
        "ADM0_A3_NP": "CHN",
        "ADM0_A3_PK": "CHN",
        "ADM0_A3_DE": "CHN",
        "ADM0_A3_GB": "CHN",
        "ADM0_A3_BR": "CHN",
        "ADM0_A3_IL": "CHN",
        "ADM0_A3_PS": "CHN",
        "ADM0_A3_SA": "CHN",
        "ADM0_A3_EG": "CHN",
        "ADM0_A3_MA": "CHN",
        "ADM0_A3_PT": "CHN",
        "ADM0_A3_AR": "CHN",
        "ADM0_A3_JP": "CHN",
        "ADM0_A3_KO": "CHN",
        "ADM0_A3_VN": "CHN",
        "ADM0_A3_TR": "CHN",
        "ADM0_A3_ID": "CHN",
        "ADM0_A3_PL": "CHN",
        "ADM0_A3_GR": "CHN",
        "ADM0_A3_IT": "CHN",
        "ADM0_A3_NL": "CHN",
        "ADM0_A3_SE": "CHN",
        "ADM0_A3_BD": "CHN",
        "ADM0_A3_UA": "CHN",
        "ADM0_A3_UN": -99,
        "ADM0_A3_WB": -99,
        "CONTINENT": "Asia",
        "REGION_UN": "Asia",
        "SUBREGION": "Eastern Asia",
        "REGION_WB": "East Asia & Pacific",
        "NAME_LEN": 5,
        "LONG_LEN": 5,
        "ABBREV_LEN": 0,
        "TINY": -99,
        "HOMEPART": 1,
        "MIN_ZOOM": 3.7,
        "MIN_LABEL": 7.7,
        "MAX_LABEL": 9,
        "LABEL_X": 76.294273,
        "LABEL_Y": 36.068574,
        "NE_ID": 1159320485,
        "WIKIDATAID": "Q1819167",
        "NAME_AR": "وادي شاكسغام",
        "NAME_BN": "শাকশম ভ্যালি",
        "NAME_DE": "Shaksgam-Tal",
        "NAME_EN": "Trans-Karakoram Tract",
        "NAME_ES": "Valle Shaksgam",
        "NAME_FA": "منطقه ماورای قراقروم",
        "NAME_FR": "vallée de Shaksgam",
        "NAME_EL": "Σάξαμ Βάλεϊ",
        "NAME_HE": "אזור עבר קארקוראם",
        "NAME_HI": "ट्रांस काराकोरम ट्रैक्ट",
        "NAME_HU": "Sakszgam-völgy",
        "NAME_ID": "Lembah Shaksgam",
        "NAME_IT": "Shaksgam",
        "NAME_JA": "カラコルム回廊",
        "NAME_KO": "카라코람 회랑",
        "NAME_NL": "Shaksgam",
        "NAME_PL": "Dolina Shaksam",
        "NAME_PT": "Vale de Shaksgam",
        "NAME_RU": "Долина Шаксгама",
        "NAME_SV": "Shaksgamdalen",
        "NAME_TR": "Şaksgam Vadisi",
        "NAME_UK": "Долина Шаксгама",
        "NAME_UR": "ماورائے قراقرم علاقہ",
        "NAME_VI": "Thung lũng Shaksam",
        "NAME_ZH": "喀喇昆仑走廊",
        "NAME_ZHT": "喀喇昆仑走廊",
        "FCLASS_ISO": "Unrecognized",
        "TLC_DIFF": null,
        "FCLASS_TLC": "Unrecognized",
        "FCLASS_US": null,
        "FCLASS_FR": null,
        "FCLASS_RU": "Unrecognized",
        "FCLASS_ES": null,
        "FCLASS_CN": "Unrecognized",
        "FCLASS_TW": "Unrecognized",
        "FCLASS_IN": "Unrecognized",
        "FCLASS_NP": null,
        "FCLASS_PK": "Unrecognized",
        "FCLASS_DE": null,
        "FCLASS_GB": null,
        "FCLASS_BR": null,
        "FCLASS_IL": null,
        "FCLASS_PS": null,
        "FCLASS_SA": null,
        "FCLASS_EG": null,
        "FCLASS_MA": null,
        "FCLASS_PT": null,
        "FCLASS_AR": null,
        "FCLASS_JP": null,
        "FCLASS_KO": null,
        "FCLASS_VN": null,
        "FCLASS_TR": "Unrecognized",
        "FCLASS_ID": null,
        "FCLASS_PL": null,
        "FCLASS_GR": null,
        "FCLASS_IT": null,
        "FCLASS_NL": null,
        "FCLASS_SE": null,
        "FCLASS_BD": null,
        "FCLASS_UA": null
      },
      "bbox": [
        75.894313,
        35.469412,
        77.519608,
        36.445444
      ],
      "geometry": {
        "type": "Polygon",
        "coordinates": [
          [
            [
              75.981083,
              36.445444
            ],
            [
              76.149284,
              36.424548
            ],
            [
              76.238995,
              36.319903
            ],
            [
              76.318576,
              36.330083
            ],
            [
              76.388856,
              36.309774
            ],
            [
              76.428647,
              36.239546
            ],
            [
              76.469265,
              36.220013
            ],
            [
              76.568277,
              36.190402
            ],
            [
              76.668943,
              36.190402
            ],
            [
              76.718759,
              36.159913
            ],
            [
              76.758653,
              36.110045
            ],
            [
              76.77891,
              36.039817
            ],
            [
              76.77891,
              35.979665
            ],
            [
              76.77891,
              35.910264
            ],
            [
              76.839061,
              35.859518
            ],
            [
              76.939004,
              35.840036
            ],
            [
              77.00856,
              35.819727
            ],
            [
              77.068608,
              35.779936
            ],
            [
              77.089589,
              35.740197
            ],
            [
              77.129483,
              35.730068
            ],
            [
              77.208961,
              35.709656
            ],
            [
              77.308903,
              35.719785
            ],
            [
              77.348591,
              35.719785
            ],
            [
              77.421351,
              35.640151
            ],
            [
              77.468894,
              35.651882
            ],
            [
              77.508685,
              35.580155
            ],
            [
              77.518813,
              35.484915
            ],
            [
              77.519608,
              35.477439
            ],
            [
              77.512199,
              35.478456
            ],
            [
              77.476438,
              35.477164
            ],
            [
              77.412773,
              35.469412
            ],
            [
              77.383731,
              35.471996
            ],
            [
              77.352002,
              35.486052
            ],
            [
              77.305389,
              35.517833
            ],
            [
              77.281102,
              35.528013
            ],
            [
              77.250819,
              35.530701
            ],
            [
              77.177542,
              35.523156
            ],
            [
              77.141265,
              35.525378
            ],
            [
              77.105298,
              35.537987
            ],
            [
              77.092276,
              35.547805
            ],
            [
              77.071089,
              35.571008
            ],
            [
              77.058169,
              35.580103
            ],
            [
              77.039049,
              35.585013
            ],
            [
              77.017552,
              35.584599
            ],
            [
              76.976417,
              35.578656
            ],
            [
              76.9358,
              35.579638
            ],
            [
              76.915026,
              35.583152
            ],
            [
              76.896422,
              35.589612
            ],
            [
              76.880506,
              35.60067
            ],
            [
              76.856941,
              35.628576
            ],
            [
              76.842989,
              35.641288
            ],
            [
              76.824592,
              35.647799
            ],
            [
              76.782837,
              35.645732
            ],
            [
              76.777351,
              35.646112
            ],
            [
              76.763407,
              35.647076
            ],
            [
              76.745424,
              35.655034
            ],
            [
              76.732918,
              35.66661
            ],
            [
              76.709043,
              35.69405
            ],
            [
              76.676694,
              35.71379
            ],
            [
              76.604244,
              35.735701
            ],
            [
              76.570757,
              35.751256
            ],
            [
              76.55112,
              35.784018
            ],
            [
              76.56528,
              35.865461
            ],
            [
              76.555461,
              35.897862
            ],
            [
              76.537168,
              35.902513
            ],
            [
              76.500167,
              35.871507
            ],
            [
              76.476499,
              35.865254
            ],
            [
              76.453969,
              35.864789
            ],
            [
              76.44291,
              35.86329
            ],
            [
              76.432058,
              35.8605
            ],
            [
              76.422446,
              35.854298
            ],
            [
              76.410354,
              35.836832
            ],
            [
              76.403119,
              35.830992
            ],
            [
              76.384102,
              35.828202
            ],
            [
              76.366429,
              35.830889
            ],
            [
              76.348859,
              35.830992
            ],
            [
              76.311962,
              35.80965
            ],
            [
              76.296562,
              35.809495
            ],
            [
              76.280542,
              35.814249
            ],
            [
              76.260389,
              35.817815
            ],
            [
              76.237134,
              35.815489
            ],
            [
              76.189799,
              35.804999
            ],
            [
              76.166027,
              35.806239
            ],
            [
              76.138122,
              35.826652
            ],
            [
              76.127787,
              35.862102
            ],
            [
              76.123756,
              35.903494
            ],
            [
              76.114661,
              35.941787
            ],
            [
              76.08996,
              35.978115
            ],
            [
              76.061434,
              35.991603
            ],
            [
              75.984333,
              35.995633
            ],
            [
              75.953017,
              36.007261
            ],
            [
              75.922321,
              36.031652
            ],
            [
              75.899997,
              36.063485
            ],
            [
              75.894313,
              36.097384
            ],
            [
              75.901444,
              36.113611
            ],
            [
              75.91457,
              36.123894
            ],
            [
              75.964179,
              36.149836
            ],
            [
              75.971517,
              36.155004
            ],
            [
              75.976582,
              36.162755
            ],
            [
              75.977408,
              36.173762
            ],
            [
              75.96914,
              36.191694
            ],
            [
              75.97007,
              36.202339
            ],
            [
              75.983403,
              36.215413
            ],
            [
              76.001593,
              36.222131
            ],
            [
              76.014409,
              36.230399
            ],
            [
              76.011928,
              36.248124
            ],
            [
              76.001696,
              36.261457
            ],
            [
              75.976582,
              36.286985
            ],
            [
              75.96883,
              36.301971
            ],
            [
              75.968623,
              36.341814
            ],
            [
              75.987434,
              36.421189
            ],
            [
              75.981083,
              36.445444
            ]
          ]
        ]
      }
    },
    {
      "type": "Feature",
      "properties": {
        "featurecla": "Admin-0 claim area",
        "scalerank": 0,
        "LABELRANK": 5,
        "SOVEREIGNT": "Pakistan",
        "SOV_A3": "PAK",
        "ADM0_DIF": 0,
        "LEVEL": 5,
        "TYPE": "Disputed",
        "TLC": null,
        "ADMIN": "Pakistan",
        "ADM0_A3": "PAK",
        "GEOU_DIF": 0,
        "GEOUNIT": "Pakistan",
        "GU_A3": "PAK",
        "SU_DIF": 0,
        "SUBUNIT": "Pakistan",
        "SU_A3": "PAK",
        "BRK_DIFF": 1,
        "NAME": "Pakistan",
        "NAME_LONG": "Pakistan",
        "BRK_A3": "B08",
        "BRK_NAME": "Gilgit-Baltistan",
        "BRK_GROUP": "Jammu and Kashmir",
        "ABBREV": null,
        "POSTAL": null,
        "FORMAL_EN": null,
        "FORMAL_FR": null,
        "NAME_CIAWF": null,
        "NOTE_ADM0": "Pak.",
        "NOTE_BRK": "Admin. by Pakistan; Claimed by India",
        "NAME_SORT": "Gilgit–Baltistan",
        "NAME_ALT": "Northern Areas",
        "MAPCOLOR7": 2,
        "MAPCOLOR8": 2,
        "MAPCOLOR9": 3,
        "MAPCOLOR13": 11,
        "POP_EST": 970347,
        "POP_RANK": 11,
        "POP_YEAR": 2013,
        "GDP_MD": 14887,
        "GDP_YEAR": 2013,
        "ECONOMY": "5. Emerging region: G20",
        "INCOME_GRP": "4. Lower middle income",
        "FIPS_10": "-99",
        "ISO_A2": "-99",
        "ISO_A2_EH": "-99",
        "ISO_A3": "-99",
        "ISO_A3_EH": "-99",
        "ISO_N3": "-99",
        "ISO_N3_EH": "-99",
        "UN_A3": "-099",
        "WB_A2": "-99",
        "WB_A3": "-99",
        "WOE_ID": 2346501,
        "WOE_ID_EH": 2346501,
        "WOE_NOTE": "WOE Admin-1 states provinces (territory) match.",
        "ADM0_ISO": "-99",
        "ADM0_DIFF": null,
        "ADM0_TLC": "-99",
        "ADM0_A3_US": "PAK",
        "ADM0_A3_FR": "PAK",
        "ADM0_A3_RU": "IND",
        "ADM0_A3_ES": "PAK",
        "ADM0_A3_CN": "PAK",
        "ADM0_A3_TW": "PAK",
        "ADM0_A3_IN": "IND",
        "ADM0_A3_NP": "IND",
        "ADM0_A3_PK": "PAK",
        "ADM0_A3_DE": "PAK",
        "ADM0_A3_GB": "PAK",
        "ADM0_A3_BR": "PAK",
        "ADM0_A3_IL": "PAK",
        "ADM0_A3_PS": "PAK",
        "ADM0_A3_SA": "PAK",
        "ADM0_A3_EG": "PAK",
        "ADM0_A3_MA": "PAK",
        "ADM0_A3_PT": "PAK",
        "ADM0_A3_AR": "PAK",
        "ADM0_A3_JP": "PAK",
        "ADM0_A3_KO": "PAK",
        "ADM0_A3_VN": "PAK",
        "ADM0_A3_TR": "PAK",
        "ADM0_A3_ID": "PAK",
        "ADM0_A3_PL": "PAK",
        "ADM0_A3_GR": "PAK",
        "ADM0_A3_IT": "PAK",
        "ADM0_A3_NL": "PAK",
        "ADM0_A3_SE": "PAK",
        "ADM0_A3_BD": "PAK",
        "ADM0_A3_UA": "PAK",
        "ADM0_A3_UN": -99,
        "ADM0_A3_WB": -99,
        "CONTINENT": "Asia",
        "REGION_UN": "Asia",
        "SUBREGION": "Southern Asia",
        "REGION_WB": "South Asia",
        "NAME_LEN": 8,
        "LONG_LEN": 8,
        "ABBREV_LEN": 0,
        "TINY": -99,
        "HOMEPART": 1,
        "MIN_ZOOM": 3.7,
        "MIN_LABEL": 7.7,
        "MAX_LABEL": 9,
        "LABEL_X": 74.854045,
        "LABEL_Y": 35.9976,
        "NE_ID": 1159321155,
        "WIKIDATAID": "Q200697",
        "NAME_AR": "غلغت-بلتستان",
        "NAME_BN": "গিলগিত-বালতিস্তান",
        "NAME_DE": "Gilgit-Baltistan",
        "NAME_EN": "Gilgit-Baltistan",
        "NAME_ES": "Gilgit-Baltistán",
        "NAME_FA": "گلگت-بلتستان",
        "NAME_FR": "Gilgit-Baltistan",
        "NAME_EL": "Γκιλγκίτ-Μπαλτιστάν",
        "NAME_HE": "גילגיט-בלטיסטן",
        "NAME_HI": "गिलगित-बाल्तिस्तान",
        "NAME_HU": "Gilgit-Baltisztán",
        "NAME_ID": "Gilgit–Baltistan",
        "NAME_IT": "Gilgit-Baltistan",
        "NAME_JA": "ギルギット・バルティスタン州",
        "NAME_KO": "길기트발티스탄",
        "NAME_NL": "Gilgit-Baltistan",
        "NAME_PL": "Gilgit-Baltistan",
        "NAME_PT": "Gilgit-Baltistão",
        "NAME_RU": "Гилгит-Балтистан",
        "NAME_SV": "Gilgit-Baltistan",
        "NAME_TR": "Gilgit-Baltistan",
        "NAME_UK": "Гілгіт-Балтистан",
        "NAME_UR": "گلگت بلتستان",
        "NAME_VI": "Gilgit-Baltistan",
        "NAME_ZH": "吉尔吉特－巴尔蒂斯坦",
        "NAME_ZHT": "吉爾吉特－巴爾蒂斯坦",
        "FCLASS_ISO": "Unrecognized",
        "TLC_DIFF": null,
        "FCLASS_TLC": "Unrecognized",
        "FCLASS_US": null,
        "FCLASS_FR": null,
        "FCLASS_RU": "Unrecognized",
        "FCLASS_ES": null,
        "FCLASS_CN": null,
        "FCLASS_TW": null,
        "FCLASS_IN": "Unrecognized",
        "FCLASS_NP": "Unrecognized",
        "FCLASS_PK": "Unrecognized",
        "FCLASS_DE": null,
        "FCLASS_GB": null,
        "FCLASS_BR": null,
        "FCLASS_IL": null,
        "FCLASS_PS": null,
        "FCLASS_SA": null,
        "FCLASS_EG": null,
        "FCLASS_MA": null,
        "FCLASS_PT": null,
        "FCLASS_AR": null,
        "FCLASS_JP": null,
        "FCLASS_KO": null,
        "FCLASS_VN": null,
        "FCLASS_TR": "Unrecognized",
        "FCLASS_ID": null,
        "FCLASS_PL": null,
        "FCLASS_GR": null,
        "FCLASS_IT": null,
        "FCLASS_NL": null,
        "FCLASS_SE": null,
        "FCLASS_BD": null,
        "FCLASS_UA": null
      },
      "bbox": [
        72.515604,
        34.496965,
        77.048971,
        37.054484
      ],
      "geometry": {
        "type": "Polygon",
        "coordinates": [
          [
            [
              75.981083,
              36.445444
            ],
            [
              75.987434,
              36.421189
            ],
            [
              75.968623,
              36.341814
            ],
            [
              75.96883,
              36.301971
            ],
            [
              75.976582,
              36.286985
            ],
            [
              76.001696,
              36.261457
            ],
            [
              76.011928,
              36.248124
            ],
            [
              76.014409,
              36.230399
            ],
            [
              76.001593,
              36.222131
            ],
            [
              75.983403,
              36.215413
            ],
            [
              75.97007,
              36.202339
            ],
            [
              75.96914,
              36.191694
            ],
            [
              75.977408,
              36.173762
            ],
            [
              75.976582,
              36.162755
            ],
            [
              75.971517,
              36.155004
            ],
            [
              75.964179,
              36.149836
            ],
            [
              75.91457,
              36.123894
            ],
            [
              75.901444,
              36.113611
            ],
            [
              75.894313,
              36.097384
            ],
            [
              75.899997,
              36.063485
            ],
            [
              75.922321,
              36.031652
            ],
            [
              75.953017,
              36.007261
            ],
            [
              75.984333,
              35.995633
            ],
            [
              76.061434,
              35.991603
            ],
            [
              76.08996,
              35.978115
            ],
            [
              76.114661,
              35.941787
            ],
            [
              76.123756,
              35.903494
            ],
            [
              76.127787,
              35.862102
            ],
            [
              76.138122,
              35.826652
            ],
            [
              76.166027,
              35.806239
            ],
            [
              76.189799,
              35.804999
            ],
            [
              76.237134,
              35.815489
            ],
            [
              76.260389,
              35.817815
            ],
            [
              76.280542,
              35.814249
            ],
            [
              76.296562,
              35.809495
            ],
            [
              76.311962,
              35.80965
            ],
            [
              76.348859,
              35.830992
            ],
            [
              76.366429,
              35.830889
            ],
            [
              76.384102,
              35.828202
            ],
            [
              76.403119,
              35.830992
            ],
            [
              76.410354,
              35.836832
            ],
            [
              76.422446,
              35.854298
            ],
            [
              76.432058,
              35.8605
            ],
            [
              76.44291,
              35.86329
            ],
            [
              76.453969,
              35.864789
            ],
            [
              76.476499,
              35.865254
            ],
            [
              76.500167,
              35.871507
            ],
            [
              76.537168,
              35.902513
            ],
            [
              76.555461,
              35.897862
            ],
            [
              76.56528,
              35.865461
            ],
            [
              76.55112,
              35.784018
            ],
            [
              76.570757,
              35.751256
            ],
            [
              76.604244,
              35.735701
            ],
            [
              76.676694,
              35.71379
            ],
            [
              76.709043,
              35.69405
            ],
            [
              76.732918,
              35.66661
            ],
            [
              76.745424,
              35.655034
            ],
            [
              76.763407,
              35.647076
            ],
            [
              76.777351,
              35.646112
            ],
            [
              76.913161,
              35.378277
            ],
            [
              77.048971,
              35.110442
            ],
            [
              77.042426,
              35.107014
            ],
            [
              77.023133,
              35.086335
            ],
            [
              77.02706,
              35.062099
            ],
            [
              77.035225,
              35.034503
            ],
            [
              77.02861,
              35.003394
            ],
            [
              77.013108,
              34.986393
            ],
            [
              76.952956,
              34.94655
            ],
            [
              76.933836,
              34.928877
            ],
            [
              76.921123,
              34.920712
            ],
            [
              76.905931,
              34.923141
            ],
            [
              76.879576,
              34.937093
            ],
            [
              76.852601,
              34.943346
            ],
            [
              76.817047,
              34.940762
            ],
            [
              76.782011,
              34.930892
            ],
            [
              76.757619,
              34.915131
            ],
            [
              76.749558,
              34.892083
            ],
            [
              76.753278,
              34.83834
            ],
            [
              76.743873,
              34.819271
            ],
            [
              76.652613,
              34.746976
            ],
            [
              76.63959,
              34.741136
            ],
            [
              76.553187,
              34.72584
            ],
            [
              76.535824,
              34.726202
            ],
            [
              76.519908,
              34.731111
            ],
            [
              76.476499,
              34.757776
            ],
            [
              76.438156,
              34.762892
            ],
            [
              76.399915,
              34.750748
            ],
            [
              76.262042,
              34.684654
            ],
            [
              76.154969,
              34.661658
            ],
            [
              76.121792,
              34.660883
            ],
            [
              76.058334,
              34.683414
            ],
            [
              76.023401,
              34.677161
            ],
            [
              76.007484,
              34.66512
            ],
            [
              75.98671,
              34.636027
            ],
            [
              75.973378,
              34.622332
            ],
            [
              75.966246,
              34.619077
            ],
            [
              75.939271,
              34.612049
            ],
            [
              75.873952,
              34.571379
            ],
            [
              75.816178,
              34.521667
            ],
            [
              75.795818,
              34.507921
            ],
            [
              75.777111,
              34.503812
            ],
            [
              75.734839,
              34.508618
            ],
            [
              75.713652,
              34.508515
            ],
            [
              75.655568,
              34.496965
            ],
            [
              75.611643,
              34.49836
            ],
            [
              75.348093,
              34.55722
            ],
            [
              75.306958,
              34.574015
            ],
            [
              75.267478,
              34.598303
            ],
            [
              75.251355,
              34.613082
            ],
            [
              75.236885,
              34.631892
            ],
            [
              75.224544,
              34.638622
            ],
            [
              75.224754,
              34.639575
            ],
            [
              75.22656,
              34.648754
            ],
            [
              75.226614,
              34.649032
            ],
            [
              75.251618,
              34.696648
            ],
            [
              75.251729,
              34.696859
            ],
            [
              75.255295,
              34.728769
            ],
            [
              75.248938,
              34.762307
            ],
            [
              75.231885,
              34.794579
            ],
            [
              75.207959,
              34.821502
            ],
            [
              75.161399,
              34.861965
            ],
            [
              75.14109,
              34.870337
            ],
            [
              75.139779,
              34.870076
            ],
            [
              75.122482,
              34.866638
            ],
            [
              75.086933,
              34.839253
            ],
            [
              75.067232,
              34.830518
            ],
            [
              75.028125,
              34.82406
            ],
            [
              75.004819,
              34.816981
            ],
            [
              74.974588,
              34.81295
            ],
            [
              74.927563,
              34.813415
            ],
            [
              74.927433,
              34.813447
            ],
            [
              74.865964,
              34.828504
            ],
            [
              74.799095,
              34.851914
            ],
            [
              74.661119,
              34.918111
            ],
            [
              74.633834,
              34.940487
            ],
            [
              74.612698,
              34.97232
            ],
            [
              74.573631,
              35.046166
            ],
            [
              74.548929,
              35.080169
            ],
            [
              74.520714,
              35.106007
            ],
            [
              74.488881,
              35.120089
            ],
            [
              74.463767,
              35.123654
            ],
            [
              74.463107,
              35.123506
            ],
            [
              74.41116,
              35.111795
            ],
            [
              74.350647,
              35.093501
            ],
            [
              74.269153,
              35.086783
            ],
            [
              74.268085,
              35.086916
            ],
            [
              74.176859,
              35.098281
            ],
            [
              74.174924,
              35.098316
            ],
            [
              74.137805,
              35.09897
            ],
            [
              74.124701,
              35.099201
            ],
            [
              74.124696,
              35.099372
            ],
            [
              74.12469,
              35.099484
            ],
            [
              74.124401,
              35.104971
            ],
            [
              74.124395,
              35.105093
            ],
            [
              74.123051,
              35.107471
            ],
            [
              74.119331,
              35.111243
            ],
            [
              74.105171,
              35.121372
            ],
            [
              74.102381,
              35.126488
            ],
            [
              74.101657,
              35.130622
            ],
            [
              74.103001,
              35.134911
            ],
            [
              74.103518,
              35.138011
            ],
            [
              74.102193,
              35.139999
            ],
            [
              74.101864,
              35.140492
            ],
            [
              74.100368,
              35.141074
            ],
            [
              74.098143,
              35.141939
            ],
            [
              74.097986,
              35.141936
            ],
            [
              74.097268,
              35.141924
            ],
            [
              74.079333,
              35.141629
            ],
            [
              74.079143,
              35.141644
            ],
            [
              74.051612,
              35.143899
            ],
            [
              74.037035,
              35.145099
            ],
            [
              74.036188,
              35.145358
            ],
            [
              74.031481,
              35.146796
            ],
            [
              74.025486,
              35.149639
            ],
            [
              74.008534,
              35.163384
            ],
            [
              74.006356,
              35.165154
            ],
            [
              74.003989,
              35.168242
            ],
            [
              74.002645,
              35.171291
            ],
            [
              73.998718,
              35.173875
            ],
            [
              73.994821,
              35.174723
            ],
            [
              73.994657,
              35.174759
            ],
            [
              73.992275,
              35.175268
            ],
            [
              73.976704,
              35.17434
            ],
            [
              73.968436,
              35.17248
            ],
            [
              73.960684,
              35.169172
            ],
            [
              73.958794,
              35.169615
            ],
            [
              73.95848,
              35.169689
            ],
            [
              73.958101,
              35.169778
            ],
            [
              73.954069,
              35.170723
            ],
            [
              73.949212,
              35.172583
            ],
            [
              73.924304,
              35.198886
            ],
            [
              73.914988,
              35.201744
            ],
            [
              73.910072,
              35.203252
            ],
            [
              73.898362,
              35.206844
            ],
            [
              73.897661,
              35.206927
            ],
            [
              73.88782,
              35.208085
            ],
            [
              73.86994,
              35.202555
            ],
            [
              73.864346,
              35.202302
            ],
            [
              73.86423,
              35.202352
            ],
            [
              73.863374,
              35.202715
            ],
            [
              73.858881,
              35.204622
            ],
            [
              73.839348,
              35.221831
            ],
            [
              73.821054,
              35.23015
            ],
            [
              73.812991,
              35.232533
            ],
            [
              73.809618,
              35.233521
            ],
            [
              73.808439,
              35.233715
            ],
            [
              73.801211,
              35.234905
            ],
            [
              73.776303,
              35.23506
            ],
            [
              73.773099,
              35.234491
            ],
            [
              73.769895,
              35.233199
            ],
            [
              73.766587,
              35.231236
            ],
            [
              73.745813,
              35.213769
            ],
            [
              73.741886,
              35.211237
            ],
            [
              73.738682,
              35.20979
            ],
            [
              73.735685,
              35.209273
            ],
            [
              73.732274,
              35.209377
            ],
            [
              73.732193,
              35.209416
            ],
            [
              73.732109,
              35.209457
            ],
            [
              73.731514,
              35.209748
            ],
            [
              73.72783,
              35.211547
            ],
            [
              73.722146,
              35.215733
            ],
            [
              73.715531,
              35.225138
            ],
            [
              73.714808,
              35.23015
            ],
            [
              73.715118,
              35.234026
            ],
            [
              73.717598,
              35.239297
            ],
            [
              73.720285,
              35.254645
            ],
            [
              73.719975,
              35.258883
            ],
            [
              73.718425,
              35.264102
            ],
            [
              73.688866,
              35.306735
            ],
            [
              73.687419,
              35.310146
            ],
            [
              73.687109,
              35.313608
            ],
            [
              73.687316,
              35.31769
            ],
            [
              73.69083,
              35.345182
            ],
            [
              73.690623,
              35.348541
            ],
            [
              73.6899,
              35.354536
            ],
            [
              73.69021,
              35.35743
            ],
            [
              73.691553,
              35.361099
            ],
            [
              73.69424,
              35.36637
            ],
            [
              73.717185,
              35.397996
            ],
            [
              73.722869,
              35.408486
            ],
            [
              73.724419,
              35.412465
            ],
            [
              73.725866,
              35.415152
            ],
            [
              73.72752,
              35.417633
            ],
            [
              73.742506,
              35.427761
            ],
            [
              73.767518,
              35.439337
            ],
            [
              73.776923,
              35.442437
            ],
            [
              73.78147,
              35.444659
            ],
            [
              73.784157,
              35.44714
            ],
            [
              73.784674,
              35.449879
            ],
            [
              73.784054,
              35.452928
            ],
            [
              73.782607,
              35.456855
            ],
            [
              73.781677,
              35.460886
            ],
            [
              73.778473,
              35.50233
            ],
            [
              73.777853,
              35.505689
            ],
            [
              73.772065,
              35.521967
            ],
            [
              73.77185,
              35.522047
            ],
            [
              73.771637,
              35.522126
            ],
            [
              73.758422,
              35.527032
            ],
            [
              73.757803,
              35.527108
            ],
            [
              73.629541,
              35.543
            ],
            [
              73.566083,
              35.541811
            ],
            [
              73.504795,
              35.533853
            ],
            [
              73.504369,
              35.534111
            ],
            [
              73.504273,
              35.534169
            ],
            [
              73.503554,
              35.534606
            ],
            [
              73.465727,
              35.557572
            ],
            [
              73.465646,
              35.557587
            ],
            [
              73.465465,
              35.55762
            ],
            [
              73.46393,
              35.557897
            ],
            [
              73.442576,
              35.561758
            ],
            [
              73.40971,
              35.547754
            ],
            [
              73.409477,
              35.548149
            ],
            [
              73.409415,
              35.548253
            ],
            [
              73.408941,
              35.549056
            ],
            [
              73.396687,
              35.56982
            ],
            [
              73.39493,
              35.574832
            ],
            [
              73.392347,
              35.580155
            ],
            [
              73.388316,
              35.583979
            ],
            [
              73.382528,
              35.588216
            ],
            [
              73.382177,
              35.588386
            ],
            [
              73.374308,
              35.59218
            ],
            [
              73.373846,
              35.592402
            ],
            [
              73.366198,
              35.594934
            ],
            [
              73.365678,
              35.595021
            ],
            [
              73.354726,
              35.596846
            ],
            [
              73.348938,
              35.597156
            ],
            [
              73.329198,
              35.595451
            ],
            [
              73.325064,
              35.595865
            ],
            [
              73.310801,
              35.598965
            ],
            [
              73.309872,
              35.599301
            ],
            [
              73.307081,
              35.600309
            ],
            [
              73.306835,
              35.600472
            ],
            [
              73.306737,
              35.600538
            ],
            [
              73.30398,
              35.602376
            ],
            [
              73.299226,
              35.613228
            ],
            [
              73.296849,
              35.617104
            ],
            [
              73.290441,
              35.62284
            ],
            [
              73.289964,
              35.623112
            ],
            [
              73.282267,
              35.627514
            ],
            [
              73.25158,
              35.645061
            ],
            [
              73.243725,
              35.650952
            ],
            [
              73.240315,
              35.654311
            ],
            [
              73.227809,
              35.663664
            ],
            [
              73.135308,
              35.714979
            ],
            [
              73.12921,
              35.72025
            ],
            [
              73.125593,
              35.724797
            ],
            [
              73.123836,
              35.730327
            ],
            [
              73.123112,
              35.73689
            ],
            [
              73.123112,
              35.744486
            ],
            [
              73.128487,
              35.796317
            ],
            [
              73.129934,
              35.799418
            ],
            [
              73.132621,
              35.802415
            ],
            [
              73.151328,
              35.817453
            ],
            [
              73.154118,
              35.821329
            ],
            [
              73.154738,
              35.824895
            ],
            [
              73.152981,
              35.828098
            ],
            [
              73.149571,
              35.831923
            ],
            [
              73.148816,
              35.832334
            ],
            [
              73.129359,
              35.842938
            ],
            [
              73.119702,
              35.848201
            ],
            [
              73.119527,
              35.848323
            ],
            [
              73.119097,
              35.848624
            ],
            [
              73.108333,
              35.856159
            ],
            [
              73.094277,
              35.868354
            ],
            [
              73.09221,
              35.871145
            ],
            [
              73.090556,
              35.874142
            ],
            [
              73.088386,
              35.875899
            ],
            [
              73.088161,
              35.875944
            ],
            [
              73.087966,
              35.875983
            ],
            [
              73.086359,
              35.876304
            ],
            [
              73.085285,
              35.876519
            ],
            [
              73.080634,
              35.873419
            ],
            [
              73.07247,
              35.864892
            ],
            [
              73.068129,
              35.861636
            ],
            [
              73.064305,
              35.859518
            ],
            [
              73.05955,
              35.857761
            ],
            [
              73.052729,
              35.85652
            ],
            [
              73.042187,
              35.856055
            ],
            [
              73.031645,
              35.856831
            ],
            [
              73.016452,
              35.86112
            ],
            [
              73.015744,
              35.861407
            ],
            [
              73.008804,
              35.86422
            ],
            [
              73.007168,
              35.86511
            ],
            [
              73.000536,
              35.868716
            ],
            [
              73.000383,
              35.86878
            ],
            [
              72.985653,
              35.874917
            ],
            [
              72.982509,
              35.875827
            ],
            [
              72.977798,
              35.877191
            ],
            [
              72.971597,
              35.878121
            ],
            [
              72.872172,
              35.874297
            ],
            [
              72.864627,
              35.872799
            ],
            [
              72.856152,
              35.870215
            ],
            [
              72.818015,
              35.851198
            ],
            [
              72.814604,
              35.848097
            ],
            [
              72.80892,
              35.841328
            ],
            [
              72.806129,
              35.838692
            ],
            [
              72.798481,
              35.83771
            ],
            [
              72.792383,
              35.837555
            ],
            [
              72.750009,
              35.844842
            ],
            [
              72.655854,
              35.854143
            ],
            [
              72.653888,
              35.854842
            ],
            [
              72.55675,
              35.889345
            ],
            [
              72.515604,
              35.903959
            ],
            [
              72.588158,
              36.01279
            ],
            [
              72.589088,
              36.016149
            ],
            [
              72.588365,
              36.018681
            ],
            [
              72.580717,
              36.034804
            ],
            [
              72.579166,
              36.042762
            ],
            [
              72.572655,
              36.050049
            ],
            [
              72.541236,
              36.072528
            ],
            [
              72.538032,
              36.076404
            ],
            [
              72.536275,
              36.079659
            ],
            [
              72.535241,
              36.08307
            ],
            [
              72.531211,
              36.09108
            ],
            [
              72.529144,
              36.097539
            ],
            [
              72.529247,
              36.102604
            ],
            [
              72.53028,
              36.108081
            ],
            [
              72.531727,
              36.112319
            ],
            [
              72.534415,
              36.116505
            ],
            [
              72.560253,
              36.143893
            ],
            [
              72.562113,
              36.149991
            ],
            [
              72.560563,
              36.155727
            ],
            [
              72.553121,
              36.166527
            ],
            [
              72.551364,
              36.170041
            ],
            [
              72.551364,
              36.173555
            ],
            [
              72.553845,
              36.18911
            ],
            [
              72.564904,
              36.230141
            ],
            [
              72.568004,
              36.236756
            ],
            [
              72.572035,
              36.242698
            ],
            [
              72.578029,
              36.249881
            ],
            [
              72.585988,
              36.25784
            ],
            [
              72.594256,
              36.264248
            ],
            [
              72.607485,
              36.272722
            ],
            [
              72.621851,
              36.27665
            ],
            [
              72.633427,
              36.278562
            ],
            [
              72.642935,
              36.278975
            ],
            [
              72.654511,
              36.278097
            ],
            [
              72.680866,
              36.269312
            ],
            [
              72.686963,
              36.269157
            ],
            [
              72.692441,
              36.271069
            ],
            [
              72.713938,
              36.296184
            ],
            [
              72.718796,
              36.300111
            ],
            [
              72.73771,
              36.310963
            ],
            [
              72.752696,
              36.316544
            ],
            [
              72.767269,
              36.320006
            ],
            [
              72.77378,
              36.322694
            ],
            [
              72.784528,
              36.328791
            ],
            [
              72.821632,
              36.364603
            ],
            [
              72.83021,
              36.370391
            ],
            [
              72.838375,
              36.373957
            ],
            [
              72.869278,
              36.379693
            ],
            [
              72.876926,
              36.384292
            ],
            [
              72.883644,
              36.391992
            ],
            [
              72.886538,
              36.397056
            ],
            [
              72.887365,
              36.402327
            ],
            [
              72.886124,
              36.413954
            ],
            [
              72.885918,
              36.438914
            ],
            [
              72.888501,
              36.452505
            ],
            [
              72.889948,
              36.457104
            ],
            [
              72.895736,
              36.461548
            ],
            [
              72.906485,
              36.465631
            ],
            [
              72.926019,
              36.468369
            ],
            [
              72.955991,
              36.468111
            ],
            [
              72.980796,
              36.47085
            ],
            [
              72.98493,
              36.472762
            ],
            [
              72.98834,
              36.476173
            ],
            [
              72.989581,
              36.483769
            ],
            [
              72.988547,
              36.489092
            ],
            [
              72.98493,
              36.495603
            ],
            [
              72.981829,
              36.50015
            ],
            [
              72.979865,
              36.504285
            ],
            [
              72.979865,
              36.507799
            ],
            [
              72.982966,
              36.511261
            ],
            [
              72.989167,
              36.514465
            ],
            [
              73.042187,
              36.531156
            ],
            [
              73.048905,
              36.535135
            ],
            [
              73.055003,
              36.539631
            ],
            [
              73.063064,
              36.548985
            ],
            [
              73.066165,
              36.556116
            ],
            [
              73.069369,
              36.568673
            ],
            [
              73.072159,
              36.573634
            ],
            [
              73.085389,
              36.590067
            ],
            [
              73.094484,
              36.603297
            ],
            [
              73.095517,
              36.606604
            ],
            [
              73.095517,
              36.609498
            ],
            [
              73.093037,
              36.617714
            ],
            [
              73.077534,
              36.651149
            ],
            [
              73.0734,
              36.663603
            ],
            [
              73.072676,
              36.685876
            ],
            [
              73.071539,
              36.691095
            ],
            [
              73.071333,
              36.694971
            ],
            [
              73.0734,
              36.698536
            ],
            [
              73.078154,
              36.70081
            ],
            [
              73.097274,
              36.702825
            ],
            [
              73.130554,
              36.709388
            ],
            [
              73.142026,
              36.713988
            ],
            [
              73.171585,
              36.733004
            ],
            [
              73.176546,
              36.734865
            ],
            [
              73.182082,
              36.733891
            ],
            [
              73.192359,
              36.72825
            ],
            [
              73.207906,
              36.715693
            ],
            [
              73.208482,
              36.715228
            ],
            [
              73.213443,
              36.712902
            ],
            [
              73.217887,
              36.712386
            ],
            [
              73.243105,
              36.71652
            ],
            [
              73.270804,
              36.718483
            ],
            [
              73.287547,
              36.717243
            ],
            [
              73.296332,
              36.71745
            ],
            [
              73.314109,
              36.721119
            ],
            [
              73.416014,
              36.752073
            ],
            [
              73.429657,
              36.751091
            ],
            [
              73.453842,
              36.747215
            ],
            [
              73.513993,
              36.731351
            ],
            [
              73.519884,
              36.730731
            ],
            [
              73.541381,
              36.732798
            ],
            [
              73.553164,
              36.732333
            ],
            [
              73.557505,
              36.731247
            ],
            [
              73.565359,
              36.72794
            ],
            [
              73.571044,
              36.727733
            ],
            [
              73.576728,
              36.729232
            ],
            [
              73.590681,
              36.735123
            ],
            [
              73.594812,
              36.735459
            ],
            [
              73.595125,
              36.735485
            ],
            [
              73.599156,
              36.732643
            ],
            [
              73.607631,
              36.721687
            ],
            [
              73.613522,
              36.715589
            ],
            [
              73.617121,
              36.712762
            ],
            [
              73.617863,
              36.712179
            ],
            [
              73.622307,
              36.710163
            ],
            [
              73.628301,
              36.70975
            ],
            [
              73.654863,
              36.710577
            ],
            [
              73.661994,
              36.70913
            ],
            [
              73.673363,
              36.704531
            ],
            [
              73.678634,
              36.703962
            ],
            [
              73.684112,
              36.704892
            ],
            [
              73.695377,
              36.71037
            ],
            [
              73.715118,
              36.724995
            ],
            [
              73.721215,
              36.727113
            ],
            [
              73.728554,
              36.726545
            ],
            [
              73.736305,
              36.724374
            ],
            [
              73.756252,
              36.716416
            ],
            [
              73.761626,
              36.716055
            ],
            [
              73.767414,
              36.717605
            ],
            [
              73.787155,
              36.728405
            ],
            [
              73.790875,
              36.72918
            ],
            [
              73.801934,
              36.728457
            ],
            [
              73.833353,
              36.721429
            ],
            [
              73.854231,
              36.714763
            ],
            [
              73.873971,
              36.711042
            ],
            [
              73.879345,
              36.71161
            ],
            [
              73.885753,
              36.714194
            ],
            [
              73.88813,
              36.71993
            ],
            [
              73.88782,
              36.725563
            ],
            [
              73.88658,
              36.730162
            ],
            [
              73.886373,
              36.734038
            ],
            [
              73.887304,
              36.737965
            ],
            [
              73.891438,
              36.74675
            ],
            [
              73.892058,
              36.751505
            ],
            [
              73.891231,
              36.756104
            ],
            [
              73.891119,
              36.756516
            ],
            [
              73.888976,
              36.764383
            ],
            [
              73.887304,
              36.770522
            ],
            [
              73.887235,
              36.770586
            ],
            [
              73.886979,
              36.770828
            ],
            [
              73.880999,
              36.776464
            ],
            [
              73.86901,
              36.784991
            ],
            [
              73.868081,
              36.7855
            ],
            [
              73.812993,
              36.815687
            ],
            [
              73.812187,
              36.816392
            ],
            [
              73.798937,
              36.827986
            ],
            [
              73.797768,
              36.828548
            ],
            [
              73.785501,
              36.834445
            ],
            [
              73.774752,
              36.838114
            ],
            [
              73.737752,
              36.843437
            ],
            [
              73.730207,
              36.845762
            ],
            [
              73.72504,
              36.84814
            ],
            [
              73.723021,
              36.849412
            ],
            [
              73.720285,
              36.851137
            ],
            [
              73.714498,
              36.856459
            ],
            [
              73.711707,
              36.86111
            ],
            [
              73.711657,
              36.861339
            ],
            [
              73.711558,
              36.861788
            ],
            [
              73.708916,
              36.873823
            ],
            [
              73.711707,
              36.893201
            ],
            [
              73.711842,
              36.894139
            ],
            [
              73.772892,
              36.892013
            ],
            [
              73.834077,
              36.882866
            ],
            [
              73.865083,
              36.872582
            ],
            [
              73.946938,
              36.83088
            ],
            [
              73.976704,
              36.824833
            ],
            [
              74.006366,
              36.815738
            ],
            [
              74.035305,
              36.815583
            ],
            [
              74.094319,
              36.831241
            ],
            [
              74.103931,
              36.841318
            ],
            [
              74.108789,
              36.875631
            ],
            [
              74.1153,
              36.889532
            ],
            [
              74.129666,
              36.898421
            ],
            [
              74.145996,
              36.901702
            ],
            [
              74.211728,
              36.895139
            ],
            [
              74.235706,
              36.902167
            ],
            [
              74.284592,
              36.934232
            ],
            [
              74.368101,
              36.976762
            ],
            [
              74.394043,
              36.994022
            ],
            [
              74.43559,
              37.003221
            ],
            [
              74.456984,
              37.004383
            ],
            [
              74.476622,
              36.999319
            ],
            [
              74.480342,
              36.996916
            ],
            [
              74.48365,
              36.99397
            ],
            [
              74.501736,
              36.972421
            ],
            [
              74.521373,
              36.958495
            ],
            [
              74.537393,
              36.962241
            ],
            [
              74.544214,
              36.994022
            ],
            [
              74.548142,
              37.001644
            ],
            [
              74.549279,
              37.008931
            ],
            [
              74.547418,
              37.015675
            ],
            [
              74.542354,
              37.021669
            ],
            [
              74.561784,
              37.029679
            ],
            [
              74.62607,
              37.042753
            ],
            [
              74.66245,
              37.054484
            ],
            [
              74.677953,
              37.051693
            ],
            [
              74.692216,
              37.03588
            ],
            [
              74.719191,
              37.01645
            ],
            [
              74.792571,
              37.015158
            ],
            [
              74.824301,
              36.994125
            ],
            [
              74.824507,
              36.994125
            ],
            [
              74.853239,
              36.958985
            ],
            [
              74.860887,
              36.946893
            ],
            [
              74.866779,
              36.916559
            ],
            [
              74.87236,
              36.907102
            ],
            [
              74.885796,
              36.911443
            ],
            [
              74.891997,
              36.920977
            ],
            [
              74.900782,
              36.949916
            ],
            [
              74.910497,
              36.962551
            ],
            [
              74.924966,
              36.970871
            ],
            [
              74.94233,
              36.976995
            ],
            [
              74.976849,
              36.984281
            ],
            [
              75.01447,
              36.984488
            ],
            [
              75.100149,
              36.994125
            ],
            [
              75.118546,
              36.991232
            ],
            [
              75.132809,
              36.984695
            ],
            [
              75.161231,
              36.964205
            ],
            [
              75.195131,
              36.948883
            ],
            [
              75.31347,
              36.928755
            ],
            [
              75.351297,
              36.915784
            ],
            [
              75.377962,
              36.894287
            ],
            [
              75.394498,
              36.864263
            ],
            [
              75.401423,
              36.825867
            ],
            [
              75.403387,
              36.784784
            ],
            [
              75.410518,
              36.747319
            ],
            [
              75.431912,
              36.722928
            ],
            [
              75.49258,
              36.720705
            ],
            [
              75.498885,
              36.72763
            ],
            [
              75.501882,
              36.737965
            ],
            [
              75.50798,
              36.747629
            ],
            [
              75.570508,
              36.766749
            ],
            [
              75.64978,
              36.754037
            ],
            [
              75.728741,
              36.723186
            ],
            [
              75.790547,
              36.687839
            ],
            [
              75.849768,
              36.644741
            ],
            [
              75.874779,
              36.619471
            ],
            [
              75.976582,
              36.462633
            ],
            [
              75.976811,
              36.461756
            ],
            [
              75.981083,
              36.445444
            ]
          ]
        ]
      }
    },
    {
      "type": "Feature",
      "properties": {
        "featurecla": "Admin-0 claim area",
        "scalerank": 0,
        "LABELRANK": 8,
        "SOVEREIGNT": "India",
        "SOV_A3": "IND",
        "ADM0_DIF": 0,
        "LEVEL": 5,
        "TYPE": "Disputed",
        "TLC": null,
        "ADMIN": "India",
        "ADM0_A3": "IND",
        "GEOU_DIF": 0,
        "GEOUNIT": "India",
        "GU_A3": "IND",
        "SU_DIF": 1,
        "SUBUNIT": "India",
        "SU_A3": "INX",
        "BRK_DIFF": 1,
        "NAME": "India",
        "NAME_LONG": "India",
        "BRK_A3": "B03",
        "BRK_NAME": "Demchok",
        "BRK_GROUP": "Jammu and Kashmir",
        "ABBREV": null,
        "POSTAL": null,
        "FORMAL_EN": null,
        "FORMAL_FR": null,
        "NAME_CIAWF": null,
        "NOTE_ADM0": "India",
        "NOTE_BRK": "Admin. by India; Claimed by China",
        "NAME_SORT": "Demchok",
        "NAME_ALT": null,
        "MAPCOLOR7": 1,
        "MAPCOLOR8": 3,
        "MAPCOLOR9": 2,
        "MAPCOLOR13": 2,
        "POP_EST": -99,
        "POP_RANK": 1,
        "POP_YEAR": 2017,
        "GDP_MD": 0,
        "GDP_YEAR": 2017,
        "ECONOMY": "3. Emerging region: BRIC",
        "INCOME_GRP": "4. Lower middle income",
        "FIPS_10": "-99",
        "ISO_A2": "-99",
        "ISO_A2_EH": "-99",
        "ISO_A3": "-99",
        "ISO_A3_EH": "-99",
        "ISO_N3": "-99",
        "ISO_N3_EH": "-99",
        "UN_A3": "-099",
        "WB_A2": "-99",
        "WB_A3": "-99",
        "WOE_ID": -99,
        "WOE_ID_EH": -99,
        "WOE_NOTE": "No WOE equivalent.",
        "ADM0_ISO": "-99",
        "ADM0_DIFF": null,
        "ADM0_TLC": "-99",
        "ADM0_A3_US": "CHN",
        "ADM0_A3_FR": "IND",
        "ADM0_A3_RU": "CHN",
        "ADM0_A3_ES": "IND",
        "ADM0_A3_CN": "CHN",
        "ADM0_A3_TW": "TWN",
        "ADM0_A3_IN": "IND",
        "ADM0_A3_NP": "IND",
        "ADM0_A3_PK": "PAK",
        "ADM0_A3_DE": "IND",
        "ADM0_A3_GB": "CHN",
        "ADM0_A3_BR": "IND",
        "ADM0_A3_IL": "CHN",
        "ADM0_A3_PS": "IND",
        "ADM0_A3_SA": "IND",
        "ADM0_A3_EG": "IND",
        "ADM0_A3_MA": "IND",
        "ADM0_A3_PT": "IND",
        "ADM0_A3_AR": "IND",
        "ADM0_A3_JP": "IND",
        "ADM0_A3_KO": "IND",
        "ADM0_A3_VN": "IND",
        "ADM0_A3_TR": "PAK",
        "ADM0_A3_ID": "IND",
        "ADM0_A3_PL": "IND",
        "ADM0_A3_GR": "IND",
        "ADM0_A3_IT": "IND",
        "ADM0_A3_NL": "IND",
        "ADM0_A3_SE": "IND",
        "ADM0_A3_BD": "IND",
        "ADM0_A3_UA": "IND",
        "ADM0_A3_UN": -99,
        "ADM0_A3_WB": -99,
        "CONTINENT": "Asia",
        "REGION_UN": "Asia",
        "SUBREGION": "Southern Asia",
        "REGION_WB": "South Asia",
        "NAME_LEN": 5,
        "LONG_LEN": 5,
        "ABBREV_LEN": 0,
        "TINY": -99,
        "HOMEPART": 1,
        "MIN_ZOOM": 5,
        "MIN_LABEL": 7.7,
        "MAX_LABEL": 9,
        "LABEL_X": 79.350584,
        "LABEL_Y": 32.834109,
        "NE_ID": 1159320865,
        "WIKIDATAID": "Q1057797",
        "NAME_AR": "ديمشوك",
        "NAME_BN": "দেমচক",
        "NAME_DE": "Demchok",
        "NAME_EN": "Demchok",
        "NAME_ES": "Demchok",
        "NAME_FA": "دمچوک",
        "NAME_FR": "Demchok",
        "NAME_EL": "Ντέμτσοκ",
        "NAME_HE": "דמצ'וק",
        "NAME_HI": "डेमचोक",
        "NAME_HU": "Demchok",
        "NAME_ID": "Demchok",
        "NAME_IT": "Demchok",
        "NAME_JA": "デムチョク",
        "NAME_KO": "뎀초크",
        "NAME_NL": "Demchok",
        "NAME_PL": "Demchok",
        "NAME_PT": "Demchok",
        "NAME_RU": "Демчок",
        "NAME_SV": "Demchok",
        "NAME_TR": "Demchok",
        "NAME_UK": "Демчок",
        "NAME_UR": "ڈیمچوک",
        "NAME_VI": "Demchok",
        "NAME_ZH": "巴里加斯",
        "NAME_ZHT": "巴里加斯",
        "FCLASS_ISO": "Unrecognized",
        "TLC_DIFF": null,
        "FCLASS_TLC": "Unrecognized",
        "FCLASS_US": null,
        "FCLASS_FR": null,
        "FCLASS_RU": "Unrecognized",
        "FCLASS_ES": null,
        "FCLASS_CN": "Unrecognized",
        "FCLASS_TW": "Unrecognized",
        "FCLASS_IN": "Unrecognized",
        "FCLASS_NP": null,
        "FCLASS_PK": "Unrecognized",
        "FCLASS_DE": null,
        "FCLASS_GB": "Unrecognized",
        "FCLASS_BR": null,
        "FCLASS_IL": null,
        "FCLASS_PS": null,
        "FCLASS_SA": null,
        "FCLASS_EG": null,
        "FCLASS_MA": null,
        "FCLASS_PT": null,
        "FCLASS_AR": null,
        "FCLASS_JP": null,
        "FCLASS_KO": null,
        "FCLASS_VN": null,
        "FCLASS_TR": "Unrecognized",
        "FCLASS_ID": null,
        "FCLASS_PL": null,
        "FCLASS_GR": null,
        "FCLASS_IT": null,
        "FCLASS_NL": null,
        "FCLASS_SE": null,
        "FCLASS_BD": null,
        "FCLASS_UA": null
      },
      "bbox": [
        79.095048,
        32.504296,
        79.620673,
        33.292555
      ],
      "geometry": {
        "type": "Polygon",
        "coordinates": [
          [
            [
              79.125038,
              33.290203
            ],
            [
              79.150213,
              33.292555
            ],
            [
              79.260061,
              33.291776
            ],
            [
              79.340307,
              33.275132
            ],
            [
              79.420084,
              33.275169
            ],
            [
              79.456096,
              33.250399
            ],
            [
              79.423475,
              33.157825
            ],
            [
              79.37317,
              33.11214
            ],
            [
              79.381063,
              33.061768
            ],
            [
              79.399273,
              33.026878
            ],
            [
              79.339787,
              33.013257
            ],
            [
              79.333586,
              32.994292
            ],
            [
              79.378462,
              32.978881
            ],
            [
              79.414089,
              32.972053
            ],
            [
              79.471089,
              32.908959
            ],
            [
              79.564093,
              32.793928
            ],
            [
              79.613913,
              32.765035
            ],
            [
              79.620673,
              32.728725
            ],
            [
              79.57617,
              32.670646
            ],
            [
              79.531201,
              32.648317
            ],
            [
              79.515741,
              32.60812
            ],
            [
              79.472113,
              32.565472
            ],
            [
              79.443497,
              32.534773
            ],
            [
              79.40682,
              32.529683
            ],
            [
              79.379477,
              32.57645
            ],
            [
              79.320466,
              32.592267
            ],
            [
              79.287412,
              32.532579
            ],
            [
              79.235608,
              32.504296
            ],
            [
              79.215247,
              32.507914
            ],
            [
              79.214317,
              32.581165
            ],
            [
              79.219484,
              32.62186
            ],
            [
              79.22889,
              32.656122
            ],
            [
              79.240155,
              32.701571
            ],
            [
              79.230337,
              32.750999
            ],
            [
              79.205584,
              32.809031
            ],
            [
              79.201186,
              32.838215
            ],
            [
              79.21197,
              32.91994
            ],
            [
              79.175973,
              32.984784
            ],
            [
              79.176076,
              32.993465
            ],
            [
              79.10931,
              33.007909
            ],
            [
              79.095048,
              33.055115
            ],
            [
              79.115822,
              33.090049
            ],
            [
              79.139593,
              33.12493
            ],
            [
              79.140213,
              33.160251
            ],
            [
              79.125038,
              33.290203
            ]
          ]
        ]
      }
    },
    {
      "type": "Feature",
      "properties": {
        "featurecla": "Admin-0 indeterminant",
        "scalerank": 0,
        "LABELRANK": 5,
        "SOVEREIGNT": "Kashmir",
        "SOV_A3": "KAS",
        "ADM0_DIF": 0,
        "LEVEL": 2,
        "TYPE": "Indeterminate",
        "TLC": null,
        "ADMIN": "Siachen Glacier",
        "ADM0_A3": "KAS",
        "GEOU_DIF": 0,
        "GEOUNIT": "Siachen Glacier",
        "GU_A3": "KAS",
        "SU_DIF": 0,
        "SUBUNIT": "Siachen Glacier",
        "SU_A3": "KAS",
        "BRK_DIFF": 1,
        "NAME": "Siachen Glacier",
        "NAME_LONG": "Siachen Glacier",
        "BRK_A3": "B45",
        "BRK_NAME": "Siachen Glacier",
        "BRK_GROUP": "Jammu and Kashmir",
        "ABBREV": "Siachen",
        "POSTAL": "SG",
        "FORMAL_EN": null,
        "FORMAL_FR": null,
        "NAME_CIAWF": null,
        "NOTE_ADM0": null,
        "NOTE_BRK": "Claimed by Pakistan and India",
        "NAME_SORT": "Kashmir",
        "NAME_ALT": null,
        "MAPCOLOR7": 3,
        "MAPCOLOR8": 7,
        "MAPCOLOR9": 6,
        "MAPCOLOR13": -99,
        "POP_EST": 6000,
        "POP_RANK": 5,
        "POP_YEAR": 2013,
        "GDP_MD": 15,
        "GDP_YEAR": 2013,
        "ECONOMY": "6. Developing region",
        "INCOME_GRP": "4. Lower middle income",
        "FIPS_10": "-99",
        "ISO_A2": "-99",
        "ISO_A2_EH": "-99",
        "ISO_A3": "-99",
        "ISO_A3_EH": "-99",
        "ISO_N3": "-99",
        "ISO_N3_EH": "-99",
        "UN_A3": "-099",
        "WB_A2": "-99",
        "WB_A3": "-99",
        "WOE_ID": 23424928,
        "WOE_ID_EH": 23424928,
        "WOE_NOTE": "Exact WOE match as country",
        "ADM0_ISO": "-99",
        "ADM0_DIFF": null,
        "ADM0_TLC": "-99",
        "ADM0_A3_US": "B45",
        "ADM0_A3_FR": "IND",
        "ADM0_A3_RU": "IND",
        "ADM0_A3_ES": "IND",
        "ADM0_A3_CN": "IND",
        "ADM0_A3_TW": "IND",
        "ADM0_A3_IN": "IND",
        "ADM0_A3_NP": "IND",
        "ADM0_A3_PK": "PAK",
        "ADM0_A3_DE": "IND",
        "ADM0_A3_GB": "IND",
        "ADM0_A3_BR": "IND",
        "ADM0_A3_IL": "IND",
        "ADM0_A3_PS": "IND",
        "ADM0_A3_SA": "IND",
        "ADM0_A3_EG": "IND",
        "ADM0_A3_MA": "IND",
        "ADM0_A3_PT": "IND",
        "ADM0_A3_AR": "IND",
        "ADM0_A3_JP": "IND",
        "ADM0_A3_KO": "IND",
        "ADM0_A3_VN": "IND",
        "ADM0_A3_TR": "PAK",
        "ADM0_A3_ID": "IND",
        "ADM0_A3_PL": "IND",
        "ADM0_A3_GR": "IND",
        "ADM0_A3_IT": "IND",
        "ADM0_A3_NL": "IND",
        "ADM0_A3_SE": "IND",
        "ADM0_A3_BD": "IND",
        "ADM0_A3_UA": "IND",
        "ADM0_A3_UN": -99,
        "ADM0_A3_WB": -99,
        "CONTINENT": "Asia",
        "REGION_UN": "Asia",
        "SUBREGION": "Southern Asia",
        "REGION_WB": "South Asia",
        "NAME_LEN": 15,
        "LONG_LEN": 15,
        "ABBREV_LEN": 7,
        "TINY": -99,
        "HOMEPART": 1,
        "MIN_ZOOM": 5,
        "MIN_LABEL": 6.5,
        "MAX_LABEL": 9.5,
        "LABEL_X": 77.129553,
        "LABEL_Y": 35.340606,
        "NE_ID": 1159320963,
        "WIKIDATAID": "Q333946",
        "NAME_AR": "نهر سياتشن الجليدي",
        "NAME_BN": "সিয়াচেন হিমবাহ",
        "NAME_DE": "Siachen-Gletscher",
        "NAME_EN": "Siachen Glacier",
        "NAME_ES": "Glaciar de Siachen",
        "NAME_FA": "یخچال سیاچن",
        "NAME_FR": "glacier de Siachen",
        "NAME_EL": "Παγετώνας Σιατσέν",
        "NAME_HE": "קרחון סיאצ'ן",
        "NAME_HI": "सियाचीन",
        "NAME_HU": "Siachen-gleccser",
        "NAME_ID": "Siachen Glacier",
        "NAME_IT": "ghiacciaio Siachen",
        "NAME_JA": "シアチェン氷河",
        "NAME_KO": "시아첸 빙하",
        "NAME_NL": "Siachengletsjer",
        "NAME_PL": "Lodowiec Siachen",
        "NAME_PT": "Glaciar de Siachen",
        "NAME_RU": "Сиачен",
        "NAME_SV": "Siachen Glaciären",
        "NAME_TR": "Siachen Buzulu",
        "NAME_UK": "Сіачен",
        "NAME_UR": "سیاچن گلیشیر",
        "NAME_VI": "Sông băng Siachen",
        "NAME_ZH": "锡亚琴冰川",
        "NAME_ZHT": "錫亞琴冰川",
        "FCLASS_ISO": "Unrecognized",
        "TLC_DIFF": null,
        "FCLASS_TLC": "Unrecognized",
        "FCLASS_US": null,
        "FCLASS_FR": null,
        "FCLASS_RU": "Unrecognized",
        "FCLASS_ES": "Unrecognized",
        "FCLASS_CN": null,
        "FCLASS_TW": "Unrecognized",
        "FCLASS_IN": "Unrecognized",
        "FCLASS_NP": "Unrecognized",
        "FCLASS_PK": "Unrecognized",
        "FCLASS_DE": "Unrecognized",
        "FCLASS_GB": "Unrecognized",
        "FCLASS_BR": "Unrecognized",
        "FCLASS_IL": "Unrecognized",
        "FCLASS_PS": "Unrecognized",
        "FCLASS_SA": "Unrecognized",
        "FCLASS_EG": "Unrecognized",
        "FCLASS_MA": "Unrecognized",
        "FCLASS_PT": "Unrecognized",
        "FCLASS_AR": "Unrecognized",
        "FCLASS_JP": "Unrecognized",
        "FCLASS_KO": "Unrecognized",
        "FCLASS_VN": "Unrecognized",
        "FCLASS_TR": "Unrecognized",
        "FCLASS_ID": "Unrecognized",
        "FCLASS_PL": "Unrecognized",
        "FCLASS_GR": "Unrecognized",
        "FCLASS_IT": "Unrecognized",
        "FCLASS_NL": "Unrecognized",
        "FCLASS_SE": "Unrecognized",
        "FCLASS_BD": "Unrecognized",
        "FCLASS_UA": "Unrecognized"
      },
      "bbox": [
        76.777351,
        35.110442,
        77.800346,
        35.647799
      ],
      "geometry": {
        "type": "Polygon",
        "coordinates": [
          [
            [
              77.048971,
              35.110442
            ],
            [
              76.913161,
              35.378277
            ],
            [
              76.777351,
              35.646112
            ],
            [
              76.782837,
              35.645732
            ],
            [
              76.824592,
              35.647799
            ],
            [
              76.842989,
              35.641288
            ],
            [
              76.856941,
              35.628576
            ],
            [
              76.880506,
              35.60067
            ],
            [
              76.896422,
              35.589612
            ],
            [
              76.915026,
              35.583152
            ],
            [
              76.9358,
              35.579638
            ],
            [
              76.976417,
              35.578656
            ],
            [
              77.017552,
              35.584599
            ],
            [
              77.039049,
              35.585013
            ],
            [
              77.058169,
              35.580103
            ],
            [
              77.071089,
              35.571008
            ],
            [
              77.092276,
              35.547805
            ],
            [
              77.105298,
              35.537987
            ],
            [
              77.141265,
              35.525378
            ],
            [
              77.177542,
              35.523156
            ],
            [
              77.250819,
              35.530701
            ],
            [
              77.281102,
              35.528013
            ],
            [
              77.305389,
              35.517833
            ],
            [
              77.352002,
              35.486052
            ],
            [
              77.383731,
              35.471996
            ],
            [
              77.412773,
              35.469412
            ],
            [
              77.476438,
              35.477164
            ],
            [
              77.512199,
              35.478456
            ],
            [
              77.519608,
              35.477439
            ],
            [
              77.660613,
              35.458095
            ],
            [
              77.689655,
              35.462694
            ],
            [
              77.716734,
              35.475407
            ],
            [
              77.74743,
              35.49432
            ],
            [
              77.760349,
              35.498093
            ],
            [
              77.773578,
              35.498971
            ],
            [
              77.800346,
              35.495406
            ],
            [
              77.424659,
              35.302924
            ],
            [
              77.048971,
              35.110442
            ]
          ]
        ]
      }
    },
    {
      "type": "Feature",
      "properties": {
        "featurecla": "Admin-0 claim area",
        "scalerank": 0,
        "LABELRANK": 5,
        "SOVEREIGNT": "Pakistan",
        "SOV_A3": "PAK",
        "ADM0_DIF": 0,
        "LEVEL": 5,
        "TYPE": "Disputed",
        "TLC": null,
        "ADMIN": "Pakistan",
        "ADM0_A3": "PAK",
        "GEOU_DIF": 0,
        "GEOUNIT": "Pakistan",
        "GU_A3": "PAK",
        "SU_DIF": 0,
        "SUBUNIT": "Pakistan",
        "SU_A3": "PAK",
        "BRK_DIFF": 1,
        "NAME": "Pakistan",
        "NAME_LONG": "Pakistan",
        "BRK_A3": "B09",
        "BRK_NAME": "Azad Kashmir",
        "BRK_GROUP": "Jammu and Kashmir",
        "ABBREV": null,
        "POSTAL": null,
        "FORMAL_EN": null,
        "FORMAL_FR": null,
        "NAME_CIAWF": null,
        "NOTE_ADM0": "Pak.",
        "NOTE_BRK": "Admin. by Pakistan; Claimed by India",
        "NAME_SORT": "Azad Kashmir",
        "NAME_ALT": "Azad Jammu and Kashmir",
        "MAPCOLOR7": 2,
        "MAPCOLOR8": 2,
        "MAPCOLOR9": 3,
        "MAPCOLOR13": 11,
        "POP_EST": 2972501,
        "POP_RANK": 12,
        "POP_YEAR": 2013,
        "GDP_MD": 45606,
        "GDP_YEAR": 2013,
        "ECONOMY": "5. Emerging region: G20",
        "INCOME_GRP": "4. Lower middle income",
        "FIPS_10": "-99",
        "ISO_A2": "-99",
        "ISO_A2_EH": "-99",
        "ISO_A3": "-99",
        "ISO_A3_EH": "-99",
        "ISO_N3": "-99",
        "ISO_N3_EH": "-99",
        "UN_A3": "-099",
        "WB_A2": "-99",
        "WB_A3": "-99",
        "WOE_ID": 2346500,
        "WOE_ID_EH": 2346500,
        "WOE_NOTE": "WOE Admin-1 states provinces (territory) match.",
        "ADM0_ISO": "-99",
        "ADM0_DIFF": null,
        "ADM0_TLC": "-99",
        "ADM0_A3_US": "PAK",
        "ADM0_A3_FR": "PAK",
        "ADM0_A3_RU": "IND",
        "ADM0_A3_ES": "PAK",
        "ADM0_A3_CN": "PAK",
        "ADM0_A3_TW": "PAK",
        "ADM0_A3_IN": "IND",
        "ADM0_A3_NP": "IND",
        "ADM0_A3_PK": "PAK",
        "ADM0_A3_DE": "PAK",
        "ADM0_A3_GB": "PAK",
        "ADM0_A3_BR": "PAK",
        "ADM0_A3_IL": "PAK",
        "ADM0_A3_PS": "PAK",
        "ADM0_A3_SA": "PAK",
        "ADM0_A3_EG": "PAK",
        "ADM0_A3_MA": "PAK",
        "ADM0_A3_PT": "PAK",
        "ADM0_A3_AR": "PAK",
        "ADM0_A3_JP": "PAK",
        "ADM0_A3_KO": "PAK",
        "ADM0_A3_VN": "PAK",
        "ADM0_A3_TR": "PAK",
        "ADM0_A3_ID": "PAK",
        "ADM0_A3_PL": "PAK",
        "ADM0_A3_GR": "PAK",
        "ADM0_A3_IT": "PAK",
        "ADM0_A3_NL": "PAK",
        "ADM0_A3_SE": "PAK",
        "ADM0_A3_BD": "PAK",
        "ADM0_A3_UA": "PAK",
        "ADM0_A3_UN": -99,
        "ADM0_A3_WB": -99,
        "CONTINENT": "Asia",
        "REGION_UN": "Asia",
        "SUBREGION": "Southern Asia",
        "REGION_WB": "South Asia",
        "NAME_LEN": 8,
        "LONG_LEN": 8,
        "ABBREV_LEN": 0,
        "TINY": -99,
        "HOMEPART": 1,
        "MIN_ZOOM": 3.7,
        "MIN_LABEL": 7.7,
        "MAX_LABEL": 9,
        "LABEL_X": 73.792156,
        "LABEL_Y": 33.848664,
        "NE_ID": 1159321157,
        "WIKIDATAID": "Q200130",
        "NAME_AR": "آزاد كشمير",
        "NAME_BN": "আজাদ কাশ্মীর",
        "NAME_DE": "Asad Jammu und Kaschmir",
        "NAME_EN": "Azad Kashmir",
        "NAME_ES": "Azad Cachemira",
        "NAME_FA": "کشمیر آزاد",
        "NAME_FR": "Azad Cachemire",
        "NAME_EL": "Αζάντ Κασμίρ",
        "NAME_HE": "אזאד קשמיר",
        "NAME_HI": "आज़ाद कश्मीर",
        "NAME_HU": "Szabad Kasmír",
        "NAME_ID": "Azad Kashmir",
        "NAME_IT": "Azad Kashmir",
        "NAME_JA": "アザド・カシミール",
        "NAME_KO": "아자드 카슈미르",
        "NAME_NL": "Azad Kasjmir",
        "NAME_PL": "Azad Dżammu i Kaszmir",
        "NAME_PT": "Caxemira Livre",
        "NAME_RU": "Азад Кашмир",
        "NAME_SV": "Azad Kashmir",
        "NAME_TR": "Azad Keşmir",
        "NAME_UK": "Азад Кашмір",
        "NAME_UR": "آزاد جموں کشمیر",
        "NAME_VI": "Azad Kashmir",
        "NAME_ZH": "阿扎德克什米尔",
        "NAME_ZHT": "自由喀什米爾",
        "FCLASS_ISO": "Unrecognized",
        "TLC_DIFF": null,
        "FCLASS_TLC": "Unrecognized",
        "FCLASS_US": null,
        "FCLASS_FR": null,
        "FCLASS_RU": "Unrecognized",
        "FCLASS_ES": null,
        "FCLASS_CN": null,
        "FCLASS_TW": null,
        "FCLASS_IN": "Unrecognized",
        "FCLASS_NP": "Unrecognized",
        "FCLASS_PK": "Unrecognized",
        "FCLASS_DE": null,
        "FCLASS_GB": null,
        "FCLASS_BR": null,
        "FCLASS_IL": null,
        "FCLASS_PS": null,
        "FCLASS_SA": null,
        "FCLASS_EG": null,
        "FCLASS_MA": null,
        "FCLASS_PT": null,
        "FCLASS_AR": null,
        "FCLASS_JP": null,
        "FCLASS_KO": null,
        "FCLASS_VN": null,
        "FCLASS_TR": "Unrecognized",
        "FCLASS_ID": null,
        "FCLASS_PL": null,
        "FCLASS_GR": null,
        "FCLASS_IT": null,
        "FCLASS_NL": null,
        "FCLASS_SE": null,
        "FCLASS_BD": null,
        "FCLASS_UA": null
      },
      "bbox": [
        73.400201,
        32.823067,
        75.255295,
        35.123654
      ],
      "geometry": {
        "type": "Polygon",
        "coordinates": [
          [
            [
              75.224544,
              34.638622
            ],
            [
              75.212907,
              34.644967
            ],
            [
              75.17632,
              34.64538
            ],
            [
              75.111001,
              34.633649
            ],
            [
              75.017777,
              34.629722
            ],
            [
              74.66493,
              34.688323
            ],
            [
              74.412129,
              34.764494
            ],
            [
              74.348877,
              34.773434
            ],
            [
              74.285832,
              34.768887
            ],
            [
              74.221753,
              34.747751
            ],
            [
              74.146823,
              34.701862
            ],
            [
              74.120881,
              34.690855
            ],
            [
              73.962234,
              34.668169
            ],
            [
              73.948592,
              34.662743
            ],
            [
              73.919343,
              34.642538
            ],
            [
              73.917483,
              34.619283
            ],
            [
              73.925441,
              34.593393
            ],
            [
              73.925957,
              34.564971
            ],
            [
              73.910971,
              34.544973
            ],
            [
              73.863119,
              34.517067
            ],
            [
              73.846996,
              34.49433
            ],
            [
              73.846996,
              34.494175
            ],
            [
              73.845549,
              34.456477
            ],
            [
              73.840381,
              34.44441
            ],
            [
              73.831596,
              34.4364
            ],
            [
              73.806792,
              34.425161
            ],
            [
              73.79625,
              34.418546
            ],
            [
              73.779817,
              34.396067
            ],
            [
              73.774856,
              34.370952
            ],
            [
              73.78271,
              34.346819
            ],
            [
              73.804208,
              34.327492
            ],
            [
              73.829116,
              34.315348
            ],
            [
              73.8533,
              34.307416
            ],
            [
              73.879035,
              34.30429
            ],
            [
              73.907457,
              34.306796
            ],
            [
              73.93774,
              34.304212
            ],
            [
              73.95438,
              34.287185
            ],
            [
              73.976704,
              34.23755
            ],
            [
              73.990553,
              34.218507
            ],
            [
              73.998304,
              34.196803
            ],
            [
              73.995411,
              34.176442
            ],
            [
              73.976704,
              34.161559
            ],
            [
              73.916862,
              34.135256
            ],
            [
              73.893298,
              34.11474
            ],
            [
              73.88441,
              34.0842
            ],
            [
              73.893711,
              34.054305
            ],
            [
              73.916242,
              34.02795
            ],
            [
              73.945801,
              34.009786
            ],
            [
              73.976704,
              34.004592
            ],
            [
              74.04502,
              34.019423
            ],
            [
              74.065277,
              34.018338
            ],
            [
              74.118401,
              34.002525
            ],
            [
              74.154264,
              34.004101
            ],
            [
              74.192091,
              34.011853
            ],
            [
              74.228368,
              34.012886
            ],
            [
              74.259684,
              33.994386
            ],
            [
              74.272293,
              33.96214
            ],
            [
              74.262474,
              33.929946
            ],
            [
              74.23953,
              33.901007
            ],
            [
              74.212555,
              33.878424
            ],
            [
              74.177518,
              33.857547
            ],
            [
              74.142275,
              33.84424
            ],
            [
              74.034581,
              33.828608
            ],
            [
              74.011327,
              33.81047
            ],
            [
              73.976704,
              33.758922
            ],
            [
              73.970709,
              33.747063
            ],
            [
              73.966162,
              33.734531
            ],
            [
              73.963061,
              33.72156
            ],
            [
              73.960787,
              33.692286
            ],
            [
              73.963061,
              33.676757
            ],
            [
              73.968332,
              33.662081
            ],
            [
              73.976704,
              33.648387
            ],
            [
              74.024246,
              33.614254
            ],
            [
              74.088118,
              33.58529
            ],
            [
              74.141552,
              33.549374
            ],
            [
              74.157778,
              33.494236
            ],
            [
              74.136281,
              33.418013
            ],
            [
              74.105481,
              33.345201
            ],
            [
              74.095973,
              33.328484
            ],
            [
              74.085121,
              33.314324
            ],
            [
              74.071995,
              33.302284
            ],
            [
              74.055355,
              33.292026
            ],
            [
              74.017838,
              33.279494
            ],
            [
              74.001715,
              33.270167
            ],
            [
              73.991793,
              33.252571
            ],
            [
              73.988486,
              33.20862
            ],
            [
              74.002335,
              33.177692
            ],
            [
              74.029414,
              33.154153
            ],
            [
              74.065794,
              33.132604
            ],
            [
              74.098453,
              33.104828
            ],
            [
              74.153851,
              33.040181
            ],
            [
              74.190851,
              33.022094
            ],
            [
              74.283972,
              33.008813
            ],
            [
              74.311257,
              32.994292
            ],
            [
              74.322006,
              32.972045
            ],
            [
              74.324486,
              32.921402
            ],
            [
              74.336682,
              32.870139
            ],
            [
              74.333788,
              32.849262
            ],
            [
              74.322936,
              32.830529
            ],
            [
              74.316989,
              32.823067
            ],
            [
              73.983008,
              32.969074
            ],
            [
              73.977014,
              32.975869
            ],
            [
              73.960064,
              33.000519
            ],
            [
              73.959444,
              33.001811
            ],
            [
              73.95624,
              33.006178
            ],
            [
              73.951072,
              33.011449
            ],
            [
              73.943011,
              33.018192
            ],
            [
              73.926061,
              33.02597
            ],
            [
              73.907354,
              33.029949
            ],
            [
              73.873764,
              33.028734
            ],
            [
              73.859502,
              33.026977
            ],
            [
              73.849476,
              33.024549
            ],
            [
              73.84763,
              33.02371
            ],
            [
              73.829736,
              33.015583
            ],
            [
              73.829129,
              33.015386
            ],
            [
              73.822398,
              33.013206
            ],
            [
              73.805861,
              33.015144
            ],
            [
              73.786018,
              33.024652
            ],
            [
              73.773202,
              33.030646
            ],
            [
              73.763487,
              33.045658
            ],
            [
              73.731964,
              33.06266
            ],
            [
              73.672743,
              33.084907
            ],
            [
              73.640497,
              33.103304
            ],
            [
              73.622513,
              33.124491
            ],
            [
              73.645354,
              33.143094
            ],
            [
              73.644424,
              33.154386
            ],
            [
              73.649799,
              33.161853
            ],
            [
              73.654553,
              33.173041
            ],
            [
              73.654863,
              33.184694
            ],
            [
              73.649282,
              33.194848
            ],
            [
              73.640807,
              33.20105
            ],
            [
              73.620756,
              33.212005
            ],
            [
              73.617656,
              33.216888
            ],
            [
              73.616002,
              33.22358
            ],
            [
              73.615382,
              33.229575
            ],
            [
              73.614659,
              33.232443
            ],
            [
              73.609491,
              33.232546
            ],
            [
              73.601429,
              33.23097
            ],
            [
              73.599945,
              33.230359
            ],
            [
              73.594712,
              33.228205
            ],
            [
              73.594428,
              33.228216
            ],
            [
              73.587787,
              33.228464
            ],
            [
              73.583756,
              33.227637
            ],
            [
              73.581172,
              33.229161
            ],
            [
              73.57994,
              33.238427
            ],
            [
              73.579829,
              33.239264
            ],
            [
              73.583033,
              33.239109
            ],
            [
              73.588318,
              33.240746
            ],
            [
              73.589957,
              33.241254
            ],
            [
              73.596882,
              33.244251
            ],
            [
              73.600293,
              33.246706
            ],
            [
              73.599156,
              33.26642
            ],
            [
              73.594918,
              33.285721
            ],
            [
              73.593471,
              33.304299
            ],
            [
              73.597605,
              33.315022
            ],
            [
              73.600293,
              33.321817
            ],
            [
              73.603186,
              33.333031
            ],
            [
              73.598432,
              33.342875
            ],
            [
              73.586857,
              33.355562
            ],
            [
              73.576418,
              33.369541
            ],
            [
              73.573834,
              33.387395
            ],
            [
              73.582826,
              33.399875
            ],
            [
              73.594401,
              33.411734
            ],
            [
              73.60422,
              33.441577
            ],
            [
              73.612732,
              33.446518
            ],
            [
              73.613212,
              33.446797
            ],
            [
              73.620583,
              33.448246
            ],
            [
              73.62241,
              33.448605
            ],
            [
              73.627578,
              33.452068
            ],
            [
              73.628198,
              33.461705
            ],
            [
              73.625924,
              33.469664
            ],
            [
              73.622617,
              33.477157
            ],
            [
              73.614969,
              33.510126
            ],
            [
              73.614659,
              33.519661
            ],
            [
              73.618173,
              33.526172
            ],
            [
              73.624477,
              33.528213
            ],
            [
              73.630988,
              33.531184
            ],
            [
              73.635019,
              33.540796
            ],
            [
              73.632849,
              33.556842
            ],
            [
              73.625201,
              33.575471
            ],
            [
              73.614659,
              33.593119
            ],
            [
              73.603807,
              33.605934
            ],
            [
              73.576418,
              33.626372
            ],
            [
              73.573111,
              33.633659
            ],
            [
              73.578382,
              33.64756
            ],
            [
              73.576418,
              33.654019
            ],
            [
              73.577452,
              33.663244
            ],
            [
              73.595642,
              33.695386
            ],
            [
              73.600293,
              33.70859
            ],
            [
              73.599362,
              33.727477
            ],
            [
              73.595745,
              33.745616
            ],
            [
              73.58851,
              33.762333
            ],
            [
              73.576418,
              33.777138
            ],
            [
              73.56722,
              33.803442
            ],
            [
              73.582516,
              33.876745
            ],
            [
              73.579829,
              33.910464
            ],
            [
              73.518644,
              34.00777
            ],
            [
              73.518576,
              34.008316
            ],
            [
              73.518557,
              34.008467
            ],
            [
              73.518437,
              34.009424
            ],
            [
              73.508515,
              34.068387
            ],
            [
              73.490811,
              34.128201
            ],
            [
              73.490429,
              34.129494
            ],
            [
              73.489787,
              34.14006
            ],
            [
              73.489395,
              34.146522
            ],
            [
              73.489571,
              34.149642
            ],
            [
              73.491359,
              34.181274
            ],
            [
              73.490429,
              34.198353
            ],
            [
              73.474138,
              34.269005
            ],
            [
              73.474099,
              34.269176
            ],
            [
              73.459526,
              34.282405
            ],
            [
              73.455495,
              34.292172
            ],
            [
              73.447227,
              34.305969
            ],
            [
              73.407126,
              34.355036
            ],
            [
              73.400201,
              34.375526
            ],
            [
              73.403831,
              34.38092
            ],
            [
              73.415084,
              34.397643
            ],
            [
              73.420252,
              34.409632
            ],
            [
              73.425374,
              34.428327
            ],
            [
              73.425923,
              34.43033
            ],
            [
              73.426866,
              34.435729
            ],
            [
              73.426763,
              34.466011
            ],
            [
              73.427484,
              34.470029
            ],
            [
              73.42775,
              34.470533
            ],
            [
              73.429037,
              34.472936
            ],
            [
              73.435341,
              34.481798
            ],
            [
              73.436582,
              34.48464
            ],
            [
              73.437512,
              34.487715
            ],
            [
              73.437822,
              34.491126
            ],
            [
              73.436065,
              34.517326
            ],
            [
              73.436685,
              34.522157
            ],
            [
              73.438132,
              34.525956
            ],
            [
              73.443196,
              34.533449
            ],
            [
              73.444953,
              34.536859
            ],
            [
              73.445573,
              34.540373
            ],
            [
              73.445677,
              34.549158
            ],
            [
              73.446193,
              34.553809
            ],
            [
              73.447124,
              34.558047
            ],
            [
              73.450121,
              34.562594
            ],
            [
              73.454462,
              34.566367
            ],
            [
              73.463568,
              34.570332
            ],
            [
              73.464074,
              34.570552
            ],
            [
              73.494149,
              34.574945
            ],
            [
              73.497532,
              34.574982
            ],
            [
              73.498903,
              34.574997
            ],
            [
              73.503864,
              34.574583
            ],
            [
              73.524742,
              34.571173
            ],
            [
              73.526929,
              34.571118
            ],
            [
              73.528876,
              34.571069
            ],
            [
              73.533067,
              34.57153
            ],
            [
              73.534043,
              34.571638
            ],
            [
              73.552826,
              34.579499
            ],
            [
              73.565773,
              34.584919
            ],
            [
              73.574558,
              34.587192
            ],
            [
              73.583239,
              34.588381
            ],
            [
              73.591243,
              34.588339
            ],
            [
              73.593161,
              34.588329
            ],
            [
              73.600396,
              34.587296
            ],
            [
              73.605346,
              34.584924
            ],
            [
              73.606521,
              34.583027
            ],
            [
              73.607835,
              34.580892
            ],
            [
              73.607899,
              34.580745
            ],
            [
              73.610111,
              34.575617
            ],
            [
              73.613832,
              34.569209
            ],
            [
              73.616006,
              34.566769
            ],
            [
              73.618437,
              34.56404
            ],
            [
              73.623285,
              34.56399
            ],
            [
              73.623444,
              34.56399
            ],
            [
              73.624931,
              34.565384
            ],
            [
              73.629231,
              34.569416
            ],
            [
              73.638947,
              34.585487
            ],
            [
              73.659514,
              34.633649
            ],
            [
              73.660341,
              34.638972
            ],
            [
              73.659721,
              34.643985
            ],
            [
              73.65786,
              34.649462
            ],
            [
              73.651246,
              34.659023
            ],
            [
              73.649179,
              34.663053
            ],
            [
              73.647938,
              34.667808
            ],
            [
              73.648972,
              34.672458
            ],
            [
              73.650832,
              34.676696
            ],
            [
              73.680804,
              34.715298
            ],
            [
              73.685559,
              34.723256
            ],
            [
              73.69424,
              34.744599
            ],
            [
              73.701268,
              34.755657
            ],
            [
              73.70871,
              34.763306
            ],
            [
              73.718838,
              34.771315
            ],
            [
              73.740232,
              34.784751
            ],
            [
              73.75042,
              34.789896
            ],
            [
              73.750568,
              34.789971
            ],
            [
              73.758422,
              34.792503
            ],
            [
              73.777233,
              34.791624
            ],
            [
              73.783744,
              34.792451
            ],
            [
              73.789118,
              34.794105
            ],
            [
              73.79656,
              34.797515
            ],
            [
              73.797443,
              34.798052
            ],
            [
              73.81564,
              34.809118
            ],
            [
              73.819504,
              34.810486
            ],
            [
              73.841105,
              34.814103
            ],
            [
              73.883843,
              34.810705
            ],
            [
              73.883996,
              34.810693
            ],
            [
              73.887435,
              34.811935
            ],
            [
              73.889577,
              34.812708
            ],
            [
              73.889871,
              34.812899
            ],
            [
              73.908077,
              34.824697
            ],
            [
              73.911016,
              34.826092
            ],
            [
              73.916242,
              34.828573
            ],
            [
              73.923787,
              34.833534
            ],
            [
              73.925262,
              34.8349
            ],
            [
              73.92872,
              34.838102
            ],
            [
              73.930018,
              34.839305
            ],
            [
              73.930092,
              34.839373
            ],
            [
              73.937223,
              34.849398
            ],
            [
              73.942499,
              34.853786
            ],
            [
              73.947421,
              34.85788
            ],
            [
              73.947662,
              34.85808
            ],
            [
              73.95438,
              34.862679
            ],
            [
              73.954618,
              34.862756
            ],
            [
              73.962234,
              34.865211
            ],
            [
              73.978151,
              34.866555
            ],
            [
              73.983858,
              34.867713
            ],
            [
              73.989106,
              34.868777
            ],
            [
              74.000505,
              34.872432
            ],
            [
              74.012143,
              34.876163
            ],
            [
              74.012362,
              34.876331
            ],
            [
              74.015709,
              34.878979
            ],
            [
              74.017838,
              34.880663
            ],
            [
              74.017955,
              34.880798
            ],
            [
              74.02248,
              34.886053
            ],
            [
              74.024246,
              34.888104
            ],
            [
              74.02993,
              34.905054
            ],
            [
              74.034168,
              34.914511
            ],
            [
              74.034307,
              34.914666
            ],
            [
              74.036658,
              34.917299
            ],
            [
              74.041506,
              34.922727
            ],
            [
              74.041731,
              34.922865
            ],
            [
              74.052565,
              34.929497
            ],
            [
              74.054237,
              34.930843
            ],
            [
              74.056802,
              34.932908
            ],
            [
              74.061453,
              34.941693
            ],
            [
              74.064037,
              34.950168
            ],
            [
              74.063003,
              34.965464
            ],
            [
              74.06445,
              34.9743
            ],
            [
              74.066931,
              34.981794
            ],
            [
              74.075612,
              34.991095
            ],
            [
              74.085328,
              34.999622
            ],
            [
              74.085518,
              34.999731
            ],
            [
              74.09192,
              35.003393
            ],
            [
              74.097523,
              35.006598
            ],
            [
              74.100314,
              35.009647
            ],
            [
              74.100413,
              35.010059
            ],
            [
              74.101347,
              35.013936
            ],
            [
              74.09773,
              35.021429
            ],
            [
              74.092666,
              35.0267
            ],
            [
              74.088118,
              35.029646
            ],
            [
              74.076026,
              35.034297
            ],
            [
              74.074926,
              35.03495
            ],
            [
              74.072719,
              35.03626
            ],
            [
              74.070788,
              35.03803
            ],
            [
              74.069618,
              35.039103
            ],
            [
              74.069079,
              35.039924
            ],
            [
              74.067551,
              35.042255
            ],
            [
              74.066207,
              35.045511
            ],
            [
              74.066001,
              35.049696
            ],
            [
              74.067551,
              35.055381
            ],
            [
              74.076543,
              35.072021
            ],
            [
              74.08109,
              35.078273
            ],
            [
              74.081172,
              35.078349
            ],
            [
              74.088428,
              35.085043
            ],
            [
              74.099384,
              35.092743
            ],
            [
              74.124701,
              35.099201
            ],
            [
              74.137805,
              35.09897
            ],
            [
              74.174924,
              35.098316
            ],
            [
              74.176859,
              35.098281
            ],
            [
              74.268085,
              35.086916
            ],
            [
              74.269153,
              35.086783
            ],
            [
              74.350647,
              35.093501
            ],
            [
              74.41116,
              35.111795
            ],
            [
              74.463107,
              35.123506
            ],
            [
              74.463767,
              35.123654
            ],
            [
              74.488881,
              35.120089
            ],
            [
              74.520714,
              35.106007
            ],
            [
              74.548929,
              35.080169
            ],
            [
              74.573631,
              35.046166
            ],
            [
              74.612698,
              34.97232
            ],
            [
              74.633834,
              34.940487
            ],
            [
              74.661119,
              34.918111
            ],
            [
              74.799095,
              34.851914
            ],
            [
              74.865964,
              34.828504
            ],
            [
              74.927433,
              34.813447
            ],
            [
              74.927563,
              34.813415
            ],
            [
              74.974588,
              34.81295
            ],
            [
              75.004819,
              34.816981
            ],
            [
              75.028125,
              34.82406
            ],
            [
              75.067232,
              34.830518
            ],
            [
              75.086933,
              34.839253
            ],
            [
              75.122482,
              34.866638
            ],
            [
              75.139779,
              34.870076
            ],
            [
              75.14109,
              34.870337
            ],
            [
              75.161399,
              34.861965
            ],
            [
              75.207959,
              34.821502
            ],
            [
              75.231885,
              34.794579
            ],
            [
              75.248938,
              34.762307
            ],
            [
              75.255295,
              34.728769
            ],
            [
              75.251729,
              34.696859
            ],
            [
              75.251618,
              34.696648
            ],
            [
              75.226614,
              34.649032
            ],
            [
              75.22656,
              34.648754
            ],
            [
              75.224754,
              34.639575
            ],
            [
              75.224544,
              34.638622
            ]
          ]
        ]
      }
    }
  ]
}